Type,Taskflow,Component_Name,Project_Path,Object_Type,MTT_Count,Connection_Count,Template_Count,Mapping_Reference,Operation_Types,Source_Count,Target_Count,Lookup_Count
TASKFLOW,tf_WD_ACADEMIC_APPOINTEE,tf_WD_ACADEMIC_APPOINTEE,Explore/ERP Hub/TaskFlows,TASKFLOW,3.0,11.0,1.0,,,,,
MTT,tf_WD_ACADEMIC_APPOINTEE,mt_ACADEMIC_APPOINTEE,Explore/ERP Hub/TaskFlows,MTT,,,,gogylEO466bi9fgCM7vbcK,Insert,0.0,1.0,0.0
MTT,tf_WD_ACADEMIC_APPOINTEE,mt_WORKDAY_UPDATE_TIMESTAMP_END,Explore/ERP Hub/TaskFlows,MTT,,,,idgVEgOhzkakW1mXIXsAYN,Upsert,1.0,1.0,0.0
MTT,tf_WD_ACADEMIC_APPOINTEE,mt_WORKDAY_UPDATE_TIMESTAMP_START,Explore/ERP Hub/TaskFlows,MTT,,,,ahhTvYbWjAKlVRNjWBOFUJ,"Insert, Upsert",1.0,2.0,0.0
TASKFLOW,tf_WD_JOB_PROFILES,tf_WD_JOB_PROFILES,Explore/ERP Hub/TaskFlows,TASKFLOW,4.0,11.0,2.0,,,,,
MTT,tf_WD_JOB_PROFILES,mt_JOB_PROFILE,Explore/ERP Hub/TaskFlows,MTT,,,,89Pjq6n1WU0kx7vM8CWMk0,Upsert,1.0,2.0,0.0
MTT,tf_WD_JOB_PROFILES,mt_WD_JOB_PROFILES,Explore/ERP Hub/TaskFlows,MTT,,,,lAZA7RWpr4HlpA8nd1CYMg,Insert,0.0,1.0,0.0
MTT,tf_WD_JOB_PROFILES,mt_WORKDAY_UPDATE_TIMESTAMP_END,Explore/ERP Hub/TaskFlows,MTT,,,,idgVEgOhzkakW1mXIXsAYN,Upsert,1.0,1.0,0.0
MTT,tf_WD_JOB_PROFILES,mt_WORKDAY_UPDATE_TIMESTAMP_START,Explore/ERP Hub/TaskFlows,MTT,,,,ahhTvYbWjAKlVRNjWBOFUJ,"Insert, Upsert",1.0,2.0,0.0
TASKFLOW,tf_WD_LOCATIONS,tf_WD_LOCATIONS,Explore/ERP Hub/TaskFlows,TASKFLOW,3.0,11.0,1.0,,,,,
MTT,tf_WD_LOCATIONS,mt_WD_LOCATIONS,Explore/ERP Hub/TaskFlows,MTT,,,,hWhGyjYerIud4Ebbev6I0k,Insert,0.0,1.0,0.0
MTT,tf_WD_LOCATIONS,mt_WORKDAY_UPDATE_TIMESTAMP_END,Explore/ERP Hub/TaskFlows,MTT,,,,idgVEgOhzkakW1mXIXsAYN,Upsert,1.0,1.0,0.0
MTT,tf_WD_LOCATIONS,mt_WORKDAY_UPDATE_TIMESTAMP_START,Explore/ERP Hub/TaskFlows,MTT,,,,ahhTvYbWjAKlVRNjWBOFUJ,"Insert, Upsert",1.0,2.0,0.0
TASKFLOW,tf_WD_ORGANIZATIONS,tf_WD_ORGANIZATIONS,Explore/ERP Hub/TaskFlows,TASKFLOW,4.0,11.0,2.0,,,,,
MTT,tf_WD_ORGANIZATIONS,mt_ORGANIZATION,Explore/ERP Hub/TaskFlows,MTT,,,,eBSH22fp9kDipn6P3PQwy2,Upsert,1.0,2.0,0.0
MTT,tf_WD_ORGANIZATIONS,mt_WD_ORGANIZATIONS,Explore/ERP Hub/TaskFlows,MTT,,,,asCq6uEW2yObfSiC2bBwOO,Insert,0.0,1.0,0.0
MTT,tf_WD_ORGANIZATIONS,mt_WORKDAY_UPDATE_TIMESTAMP_END,Explore/ERP Hub/TaskFlows,MTT,,,,idgVEgOhzkakW1mXIXsAYN,Upsert,1.0,1.0,0.0
MTT,tf_WD_ORGANIZATIONS,mt_WORKDAY_UPDATE_TIMESTAMP_START,Explore/ERP Hub/TaskFlows,MTT,,,,ahhTvYbWjAKlVRNjWBOFUJ,"Insert, Upsert",1.0,2.0,0.0
TASKFLOW,tf_WD_WORKER,tf_WD_WORKER,Explore/ERP Hub/TaskFlows,TASKFLOW,13.0,11.0,1.0,,,,,
MTT,tf_WD_WORKER,mt_ADDRESS_MASTER,Explore/ERP Hub/TaskFlows,MTT,,,,hDtRO3PK7MacLoPCwR10IZ,Upsert,1.0,2.0,0.0
MTT,tf_WD_WORKER,mt_EMPLOYEE_EMPLOYMENT,Explore/ERP Hub/TaskFlows,MTT,,,,1cJJ8mNvuIGbs8TtmUYmG8,Upsert,1.0,2.0,0.0
MTT,tf_WD_WORKER,mt_EMPLOYEE_MANAGER,Explore/ERP Hub/TaskFlows,MTT,,,,2ZQUMlJG5Jzc2XKKt2PRSV,Upsert,1.0,2.0,0.0
MTT,tf_WD_WORKER,mt_EMPLOYEE_ORGANIZATION,Explore/ERP Hub/TaskFlows,MTT,,,,lOT05QQ3VK6lGns9D6Pjka,Upsert,1.0,2.0,0.0
MTT,tf_WD_WORKER,mt_PERSON_ADDRESS,Explore/ERP Hub/TaskFlows,MTT,,,,g7rDalP6xcgcxOo2yd0Rwc,Upsert,1.0,2.0,1.0
MTT,tf_WD_WORKER,mt_PERSON_EMAIL,Explore/ERP Hub/TaskFlows,MTT,,,,a5okIzDoP9ZewcUdNe0vm4,Upsert,1.0,2.0,0.0
MTT,tf_WD_WORKER,mt_PERSON_PHONE,Explore/ERP Hub/TaskFlows,MTT,,,,7nVmsX2JQijdnXwmSfRD2u,Upsert,1.0,2.0,0.0
MTT,tf_WD_WORKER,mt_PERSON_STEP_1,Explore/ERP Hub/TaskFlows,MTT,,,,4Mk3RjWr3pddIoZcNFcuwi,Update,1.0,2.0,1.0
MTT,tf_WD_WORKER,mt_PERSON_STEP_2,Explore/ERP Hub/TaskFlows,MTT,,,,5pxY0w88YSphpfv8xWzocH,Upsert,1.0,2.0,1.0
MTT,tf_WD_WORKER,mt_WD_STG_WORKERS,Explore/ERP Hub/TaskFlows,MTT,,,,1WqVBXyDvQrcQzffM5dLuX,Insert,0.0,10.0,0.0
MTT,tf_WD_WORKER,mt_WD_Worker_Qualifications,Explore/ERP Hub/TaskFlows,MTT,,,,3K9GErY1H8ykLrVi0RNxk9,Insert,0.0,4.0,0.0
MTT,tf_WD_WORKER,mt_WORKDAY_UPDATE_TIMESTAMP_END,Explore/ERP Hub/TaskFlows,MTT,,,,idgVEgOhzkakW1mXIXsAYN,Upsert,1.0,1.0,0.0
MTT,tf_WD_WORKER,mt_WORKDAY_UPDATE_TIMESTAMP_START,Explore/ERP Hub/TaskFlows,MTT,,,,ahhTvYbWjAKlVRNjWBOFUJ,"Insert, Upsert",1.0,2.0,0.0
TASKFLOW,tf_WD_WORKER_COMPENSATION_DATA_PLUS_BENEFIT_ENROLLMENTS_ELIGIBILITY,tf_WD_WORKER_COMPENSATION_DATA_PLUS_BENEFIT_ENROLLMENTS_ELIGIBILITY,Explore/ERP Hub/TaskFlows,TASKFLOW,7.0,11.0,1.0,,,,,
MTT,tf_WD_WORKER_COMPENSATION_DATA_PLUS_BENEFIT_ENROLLMENTS_ELIGIBILITY,mt_EMPLOYEE_ADDITIONAL_BENEFIT,Explore/ERP Hub/TaskFlows,MTT,,,,3qeykKKQ94bfUxHfLmJZa9,Upsert,1.0,2.0,0.0
MTT,tf_WD_WORKER_COMPENSATION_DATA_PLUS_BENEFIT_ENROLLMENTS_ELIGIBILITY,mt_EMPLOYEE_BENEFIT_HEALTHCARE,Explore/ERP Hub/TaskFlows,MTT,,,,5jnjWlKt6degAKm94H2MeB,Upsert,1.0,2.0,0.0
MTT,tf_WD_WORKER_COMPENSATION_DATA_PLUS_BENEFIT_ENROLLMENTS_ELIGIBILITY,mt_EMPLOYEE_BENEFIT_INSURANCE,Explore/ERP Hub/TaskFlows,MTT,,,,9PZsELDdL48l8vop98lsIJ,Upsert,1.0,2.0,0.0
MTT,tf_WD_WORKER_COMPENSATION_DATA_PLUS_BENEFIT_ENROLLMENTS_ELIGIBILITY,mt_EMPLOYEE_BENEFIT_RETIREMENT_SAVINGS,Explore/ERP Hub/TaskFlows,MTT,,,,4iqgBoqmuwJiKQyzBN2JSe,Upsert,1.0,2.0,0.0
MTT,tf_WD_WORKER_COMPENSATION_DATA_PLUS_BENEFIT_ENROLLMENTS_ELIGIBILITY,mt_WORKDAY_UPDATE_TIMESTAMP_END,Explore/ERP Hub/TaskFlows,MTT,,,,idgVEgOhzkakW1mXIXsAYN,Upsert,1.0,1.0,0.0
MTT,tf_WD_WORKER_COMPENSATION_DATA_PLUS_BENEFIT_ENROLLMENTS_ELIGIBILITY,mt_WORKDAY_UPDATE_TIMESTAMP_START,Explore/ERP Hub/TaskFlows,MTT,,,,ahhTvYbWjAKlVRNjWBOFUJ,"Insert, Upsert",1.0,2.0,0.0
MTT,tf_WD_WORKER_COMPENSATION_DATA_PLUS_BENEFIT_ENROLLMENTS_ELIGIBILITY,mt_WORKER_COMPENSATION_DATA_PLUS_BENEFIT_ENROLLMENTS_ELIGIBILITY,Explore/ERP Hub/TaskFlows,MTT,,,,5yh57fTtcIJd01Gw2U87Ml,Insert,0.0,6.0,0.0
TASKFLOW,tf_WD_WORKER_PAYROLL_RESULT_LINE,tf_WD_WORKER_PAYROLL_RESULT_LINE,Explore/ERP Hub/TaskFlows,TASKFLOW,4.0,11.0,2.0,,,,,
MTT,tf_WD_WORKER_PAYROLL_RESULT_LINE,mt_PAYROLL_RESULT_LINE,Explore/ERP Hub/TaskFlows,MTT,,,,3ghWqq6SJJ3b24iSdNXQcK,Upsert,1.0,2.0,1.0
MTT,tf_WD_WORKER_PAYROLL_RESULT_LINE,mt_WORKDAY_UPDATE_TIMESTAMP_END,Explore/ERP Hub/TaskFlows,MTT,,,,idgVEgOhzkakW1mXIXsAYN,Upsert,1.0,1.0,0.0
MTT,tf_WD_WORKER_PAYROLL_RESULT_LINE,mt_WORKDAY_UPDATE_TIMESTAMP_START,Explore/ERP Hub/TaskFlows,MTT,,,,ahhTvYbWjAKlVRNjWBOFUJ,"Insert, Upsert",1.0,2.0,0.0
MTT,tf_WD_WORKER_PAYROLL_RESULT_LINE,mt_WORKER_PAYROLL_RESULT_LINE,Explore/ERP Hub/TaskFlows,MTT,,,,lCxVnpywPuGk21LWPLdxK6,Insert,0.0,1.0,0.0
TASKFLOW,tf_WD_Worker_Qualifications,tf_WD_Worker_Qualifications,Explore/ERP Hub/TaskFlows,TASKFLOW,5.0,11.0,1.0,,,,,
MTT,tf_WD_Worker_Qualifications,mt_EMPLOYEE_EDUCATION,Explore/ERP Hub/TaskFlows,MTT,,,,fB6gJ2iBHqohk5ff0XGlo7,Upsert,1.0,2.0,0.0
MTT,tf_WD_Worker_Qualifications,mt_EMPLOYEE_SKILL,Explore/ERP Hub/TaskFlows,MTT,,,,3FxpHslL67jlAn0QCnvmwH,Upsert,1.0,2.0,0.0
MTT,tf_WD_Worker_Qualifications,mt_WD_Worker_Qualifications,Explore/ERP Hub/TaskFlows,MTT,,,,3K9GErY1H8ykLrVi0RNxk9,Insert,0.0,4.0,0.0
MTT,tf_WD_Worker_Qualifications,mt_WORKDAY_UPDATE_TIMESTAMP_END,Explore/ERP Hub/TaskFlows,MTT,,,,idgVEgOhzkakW1mXIXsAYN,Upsert,1.0,1.0,0.0
MTT,tf_WD_Worker_Qualifications,mt_WORKDAY_UPDATE_TIMESTAMP_START,Explore/ERP Hub/TaskFlows,MTT,,,,ahhTvYbWjAKlVRNjWBOFUJ,"Insert, Upsert",1.0,2.0,0.0
TASKFLOW,tf_WD_WORK_SCHEDULE_CALENDARS,tf_WD_WORK_SCHEDULE_CALENDARS,Explore/ERP Hub/TaskFlows,TASKFLOW,5.0,11.0,2.0,,,,,
MTT,tf_WD_WORK_SCHEDULE_CALENDARS,mt_SCHEDULE_PATTERN_WEEK,Explore/ERP Hub/TaskFlows,MTT,,,,9vrdZFmKbamh4FWn3cPOqL,Upsert,1.0,2.0,0.0
MTT,tf_WD_WORK_SCHEDULE_CALENDARS,mt_WORK_SCHEDULE_CALENDAR,Explore/ERP Hub/TaskFlows,MTT,,,,5kNH5u9hynleKSmV2H5hMh,Upsert,1.0,2.0,0.0
MTT,tf_WD_WORK_SCHEDULE_CALENDARS,mt_WORKDAY_UPDATE_TIMESTAMP_END,Explore/ERP Hub/TaskFlows,MTT,,,,idgVEgOhzkakW1mXIXsAYN,Upsert,1.0,1.0,0.0
MTT,tf_WD_WORK_SCHEDULE_CALENDARS,mt_WORKDAY_UPDATE_TIMESTAMP_START,Explore/ERP Hub/TaskFlows,MTT,,,,ahhTvYbWjAKlVRNjWBOFUJ,"Insert, Upsert",1.0,2.0,0.0
MTT,tf_WD_WORK_SCHEDULE_CALENDARS,mt_WORK_SCHEDULE_CALENDARS,Explore/ERP Hub/TaskFlows,MTT,,,,0pKYoq7bUgobx4Z9L57bk5,Insert,0.0,2.0,0.0
TASKFLOW,tf_WORKDAY_MASTER,tf_WORKDAY_MASTER,Explore/ERP Hub/TaskFlows,TASKFLOW,0.0,11.0,0.0,,,,,
TASKFLOW,tf_WD_POSITION,tf_WD_POSITION,Explore/ERP Hub/WorkDay,TASKFLOW,24.0,11.0,22.0,,,,,
MTT,tf_WD_POSITION,mt_ADDRESS_MASTER,Explore/ERP Hub/WorkDay,MTT,,,,hDtRO3PK7MacLoPCwR10IZ,Upsert,1.0,2.0,0.0
MTT,tf_WD_POSITION,mt_EMPLOYEE_ADDITIONAL_BENEFIT,Explore/ERP Hub/WorkDay,MTT,,,,3qeykKKQ94bfUxHfLmJZa9,Upsert,1.0,2.0,0.0
MTT,tf_WD_POSITION,mt_EMPLOYEE_BENEFIT_HEALTHCARE,Explore/ERP Hub/WorkDay,MTT,,,,5jnjWlKt6degAKm94H2MeB,Upsert,1.0,2.0,0.0
MTT,tf_WD_POSITION,mt_EMPLOYEE_BENEFIT_INSURANCE,Explore/ERP Hub/WorkDay,MTT,,,,9PZsELDdL48l8vop98lsIJ,Upsert,1.0,2.0,0.0
MTT,tf_WD_POSITION,mt_EMPLOYEE_BENEFIT_RETIREMENT_SAVINGS,Explore/ERP Hub/WorkDay,MTT,,,,4iqgBoqmuwJiKQyzBN2JSe,Upsert,1.0,2.0,0.0
MTT,tf_WD_POSITION,mt_EMPLOYEE_EDUCATION,Explore/ERP Hub/WorkDay,MTT,,,,fB6gJ2iBHqohk5ff0XGlo7,Upsert,1.0,2.0,0.0
MTT,tf_WD_POSITION,mt_EMPLOYEE_EMPLOYMENT,Explore/ERP Hub/WorkDay,MTT,,,,1cJJ8mNvuIGbs8TtmUYmG8,Upsert,1.0,2.0,0.0
MTT,tf_WD_POSITION,mt_EMPLOYEE_MANAGER,Explore/ERP Hub/WorkDay,MTT,,,,2ZQUMlJG5Jzc2XKKt2PRSV,Upsert,1.0,2.0,0.0
MTT,tf_WD_POSITION,mt_EMPLOYEE_ORGANIZATION,Explore/ERP Hub/WorkDay,MTT,,,,lOT05QQ3VK6lGns9D6Pjka,Upsert,1.0,2.0,0.0
MTT,tf_WD_POSITION,mt_EMPLOYEE_SKILL,Explore/ERP Hub/WorkDay,MTT,,,,3FxpHslL67jlAn0QCnvmwH,Upsert,1.0,2.0,0.0
MTT,tf_WD_POSITION,mt_JOB_PROFILE,Explore/ERP Hub/WorkDay,MTT,,,,89Pjq6n1WU0kx7vM8CWMk0,Upsert,1.0,2.0,0.0
MTT,tf_WD_POSITION,mt_ORGANIZATION,Explore/ERP Hub/WorkDay,MTT,,,,eBSH22fp9kDipn6P3PQwy2,Upsert,1.0,2.0,0.0
MTT,tf_WD_POSITION,mt_PAYROLL_RESULT_LINE,Explore/ERP Hub/WorkDay,MTT,,,,3ghWqq6SJJ3b24iSdNXQcK,Upsert,1.0,2.0,1.0
MTT,tf_WD_POSITION,mt_PERSON_ADDRESS,Explore/ERP Hub/WorkDay,MTT,,,,g7rDalP6xcgcxOo2yd0Rwc,Upsert,1.0,2.0,1.0
MTT,tf_WD_POSITION,mt_PERSON_EMAIL,Explore/ERP Hub/WorkDay,MTT,,,,a5okIzDoP9ZewcUdNe0vm4,Upsert,1.0,2.0,0.0
MTT,tf_WD_POSITION,mt_PERSON_PHONE,Explore/ERP Hub/WorkDay,MTT,,,,7nVmsX2JQijdnXwmSfRD2u,Upsert,1.0,2.0,0.0
MTT,tf_WD_POSITION,mt_PERSON_STEP_1,Explore/ERP Hub/WorkDay,MTT,,,,4Mk3RjWr3pddIoZcNFcuwi,Update,1.0,2.0,1.0
MTT,tf_WD_POSITION,mt_PERSON_STEP_2,Explore/ERP Hub/WorkDay,MTT,,,,5pxY0w88YSphpfv8xWzocH,Upsert,1.0,2.0,1.0
MTT,tf_WD_POSITION,mt_SCHEDULE_PATTERN_WEEK,Explore/ERP Hub/WorkDay,MTT,,,,9vrdZFmKbamh4FWn3cPOqL,Upsert,1.0,2.0,0.0
MTT,tf_WD_POSITION,mt_WD_Position,Explore/ERP Hub/WorkDay,MTT,,,,a6PvJnWOY4RlAT92HKV4cH,Upsert,1.0,2.0,0.0
MTT,tf_WD_POSITION,mt_WORK_SCHEDULE_CALENDAR,Explore/ERP Hub/WorkDay,MTT,,,,5kNH5u9hynleKSmV2H5hMh,Upsert,1.0,2.0,0.0
MTT,tf_WD_POSITION,mt_WD_POSITION,Explore/ERP Hub/WorkDay,MTT,,,,8X0U5jgGbQTjsIVmAj7moc,Insert,0.0,1.0,0.0
MTT,tf_WD_POSITION,mt_WORKDAY_UPDATE_TIMESTAMP_END,Explore/ERP Hub/WorkDay,MTT,,,,idgVEgOhzkakW1mXIXsAYN,Upsert,1.0,1.0,0.0
MTT,tf_WD_POSITION,mt_WORKDAY_UPDATE_TIMESTAMP_START,Explore/ERP Hub/WorkDay,MTT,,,,ahhTvYbWjAKlVRNjWBOFUJ,"Insert, Upsert",1.0,2.0,0.0
TASKFLOW,tf_Vector_Daily,tf_Vector_Daily,Explore/OutBound_Data/Vector,TASKFLOW,3.0,11.0,3.0,,,,,
MTT,tf_Vector_Daily,mt_Vector_files_preprocessing,Explore/OutBound_Data/Vector,MTT,,,,88vhl9pJHrkf2SomdYG7co,Insert,1.0,1.0,0.0
MTT,tf_Vector_Daily,mt_Vector_SFTP,Explore/OutBound_Data/Vector,MTT,,,,9apLvjaN9kAhYjeVtdSWG6,Insert,1.0,1.0,0.0
MTT,tf_Vector_Daily,mt_Vector_student,Explore/OutBound_Data/Vector,MTT,,,,1nSIzs2dFSJdfub7ap5o0N,Insert,1.0,1.0,0.0
