Taskflow_Name,Mapping_Task_Name,Mapping_Reference_GUID,Project_Path,Complexity_Level,Source_Objects,Source_Connections,Source_Filters,Total_Sources,Target_Objects_Operations,Target_Connections,Target_Schemas,Total_Targets,Lookup_Objects,Lookup_Connections,Lookup_Cache_Types,Total_Lookups,Data_Flow_Pattern,Load_Type,Parallel_Execution,Estimated_Complexity_Score,Estimated_Data_Volume,Error_Handling_Strategy,Session_Properties,Dependencies,Has_Transformations,Has_Data_Quality_Rules,CDC_Enabled,Pushdown_Optimization,Partitioning_Strategy,Recommended_Optimization
Tf_Soft_Delete_Records,mt_ACADEMIC_CREDENTIAL_soft_delete,8u9ZGsI36MjgNSsJB0AMQt,Explore/ERP Hub/SoftDelete,Complex,ACADEMIC_CREDENTIAL,7GJWeSZ3GgRjnalVEKpdg4,ACADEMIC_CREDENTIAL: ACADEMIC_CREDENTIAL.IS_DELETED is null,1,"ACADEMIC_CREDENTIAL(Update), ACADEMIC_CREDENTIAL(Update)","7GJWeSZ3GgRjnalVEKpdg4, j7wVfWT172slzuVgNfk3ga",,2,ACAD_CREDENTIALS(Cached),5P29vuYLDHVfpnOFeoObk3,Cached,1,One-to-Many Distribution,Uniform Update,Sequential,6.0,Medium (100K - 1M records),Standard,Default,"1 Lookup(s), 142 Related Task(s)",Yes,No,No,Not Detected,Single Thread,Evaluate parallel processing; Review for decomposition; Optimize filter pushdown
Tf_Soft_Delete_Records,mt_ACADEMIC_LEVEL_soft_delete,gJEQLI0QL84kKiKm1oYpc8,Explore/ERP Hub/SoftDelete,Complex,ACADEMIC_LEVEL,7GJWeSZ3GgRjnalVEKpdg4,ACADEMIC_LEVEL: ACADEMIC_LEVEL.IS_DELETED IS NULL,1,"ACADEMIC_LEVEL(Update), ACADEMIC_LEVEL(Update)","7GJWeSZ3GgRjnalVEKpdg4, j7wVfWT172slzuVgNfk3ga",,2,ACAD_LEVELS(Cached),5P29vuYLDHVfpnOFeoObk3,Cached,1,One-to-Many Distribution,Uniform Update,Sequential,6.0,Medium (100K - 1M records),Custom Error Handling,Commit Type: Target,"1 Lookup(s), 142 Related Task(s)",Yes,No,No,Enabled,Single Thread,Evaluate parallel processing; Review for decomposition; Optimize filter pushdown
Tf_Soft_Delete_Records,mt_ACADEMIC_PROGRAM_REQUIREMENT_soft_delete,6gD3lNBII92epIQl2umB46,Explore/ERP Hub/SoftDelete,Complex,ACADEMIC_PROGRAM_REQUIREMENT,7GJWeSZ3GgRjnalVEKpdg4,ACADEMIC_PROGRAM_REQUIREMENT: ACADEMIC_PROGRAM_REQUIREMENT.IS_DELETED IS NULL,1,"ACADEMIC_PROGRAM_REQUIREMENT(Update), ACADEMIC_PROGRAM_REQUIREMENT(Update)","7GJWeSZ3GgRjnalVEKpdg4, j7wVfWT172slzuVgNfk3ga",,2,ACAD_PROGRAM_REQMTS(Cached),5P29vuYLDHVfpnOFeoObk3,Cached,1,One-to-Many Distribution,Uniform Update,Sequential,6.0,Medium (100K - 1M records),Standard,Default,"1 Lookup(s), 142 Related Task(s)",Yes,No,No,Enabled,Single Thread,Evaluate parallel processing; Review for decomposition; Optimize filter pushdown
Tf_Soft_Delete_Records,mt_ACADEMIC_PROGRAM_soft_delete,do0aUpYSPU6cBXruBVQc65,Explore/ERP Hub/SoftDelete,Complex,ACADEMIC_PROGRAM,7GJWeSZ3GgRjnalVEKpdg4,ACADEMIC_PROGRAM: ACADEMIC_PROGRAM.IS_DELETED IS NULL,1,"ACADEMIC_PROGRAM(Update), ACADEMIC_PROGRAM(Update)","7GJWeSZ3GgRjnalVEKpdg4, j7wVfWT172slzuVgNfk3ga",,2,ACAD_PROGRAMS(Cached),5P29vuYLDHVfpnOFeoObk3,Cached,1,One-to-Many Distribution,Uniform Update,Sequential,6.0,Medium (100K - 1M records),Custom Error Handling,Commit Type: Target,"1 Lookup(s), 142 Related Task(s)",Yes,No,No,Enabled,Single Thread,Evaluate parallel processing; Review for decomposition; Optimize filter pushdown
Tf_Soft_Delete_Records,mt_ADDRESS_soft_delete,7mEcGJAdsn8fbdMWMKsFSb,Explore/ERP Hub/SoftDelete,Complex,ADDRESS,7GJWeSZ3GgRjnalVEKpdg4,ADDRESS: ADDRESS.IS_DELETED IS NULL,1,"ADDRESS(Update), ADDRESS(Update)","7GJWeSZ3GgRjnalVEKpdg4, j7wVfWT172slzuVgNfk3ga",,2,ADDRESS(Cached),5P29vuYLDHVfpnOFeoObk3,Cached,1,One-to-Many Distribution,Uniform Update,Sequential,6.0,Medium (100K - 1M records),Custom Error Handling,Commit Type: Target,"1 Lookup(s), 142 Related Task(s)",Yes,No,No,Enabled,Single Thread,Evaluate parallel processing; Review for decomposition; Optimize filter pushdown
Tf_Soft_Delete_Records,mt_ADMIT_STATUS_soft_delete,04X3MkAoRgXiZrldZBkGqk,Explore/ERP Hub/SoftDelete,Complex,ADMIT_STATUS,7GJWeSZ3GgRjnalVEKpdg4,ADMIT_STATUS: ADMIT_STATUS.IS_DELETED is null,1,"ADMIT_STATUS(Update), ADMIT_STATUS(Update)","7GJWeSZ3GgRjnalVEKpdg4, j7wVfWT172slzuVgNfk3ga",,2,ADMIT_STATUSES(Cached),5P29vuYLDHVfpnOFeoObk3,Cached,1,One-to-Many Distribution,Uniform Update,Sequential,6.0,Medium (100K - 1M records),Standard,Default,"1 Lookup(s), 142 Related Task(s)",Yes,No,No,Not Detected,Single Thread,Evaluate parallel processing; Review for decomposition; Optimize filter pushdown
Tf_Soft_Delete_Records,mt_APPLICANT_soft_delete,dB86yRhrboZjpggqxqfqgh,Explore/ERP Hub/SoftDelete,Complex,APPLICANT,7GJWeSZ3GgRjnalVEKpdg4,APPLICANT: APPLICANT.IS_DELETED IS NULL,1,"APPLICANT(Update), APPLICANT(Update)","7GJWeSZ3GgRjnalVEKpdg4, j7wVfWT172slzuVgNfk3ga",,2,APPLICANTS(Cached),5P29vuYLDHVfpnOFeoObk3,Cached,1,One-to-Many Distribution,Uniform Update,Sequential,6.0,Medium (100K - 1M records),Standard,Default,"1 Lookup(s), 142 Related Task(s)",Yes,No,No,Enabled,Single Thread,Evaluate parallel processing; Review for decomposition; Optimize filter pushdown
Tf_Soft_Delete_Records,mt_APPLICATION_soft_delete,akrjuYNqWoTb8YNKJogG8x,Explore/ERP Hub/SoftDelete,Complex,APPLICATION,7GJWeSZ3GgRjnalVEKpdg4,APPLICATION: APPLICATION.IS_DELETED IS NULL,1,"APPLICATION(Update), APPLICATION(Update)","7GJWeSZ3GgRjnalVEKpdg4, j7wVfWT172slzuVgNfk3ga",,2,APPLICATIONS(Cached),5P29vuYLDHVfpnOFeoObk3,Cached,1,One-to-Many Distribution,Uniform Update,Sequential,6.0,Medium (100K - 1M records),Standard,Default,"1 Lookup(s), 142 Related Task(s)",Yes,No,No,Enabled,Single Thread,Evaluate parallel processing; Review for decomposition; Optimize filter pushdown
Tf_Soft_Delete_Records,mt_AWARD_PERIOD_soft_delete,6xN575su8PhhntP6hSPoQJ,Explore/ERP Hub/SoftDelete,Complex,AWARD_PERIOD,7GJWeSZ3GgRjnalVEKpdg4,AWARD_PERIOD: AWARD_PERIOD.IS_DELETED IS NULL,1,"AWARD_PERIOD(Update), AWARD_PERIOD(Update)","7GJWeSZ3GgRjnalVEKpdg4, j7wVfWT172slzuVgNfk3ga",,2,AWARD_PERIODS(Cached),5P29vuYLDHVfpnOFeoObk3,Cached,1,One-to-Many Distribution,Uniform Update,Sequential,6.0,Medium (100K - 1M records),Standard,Default,"1 Lookup(s), 142 Related Task(s)",Yes,No,No,Enabled,Single Thread,Evaluate parallel processing; Review for decomposition; Optimize filter pushdown
Tf_Soft_Delete_Records,mt_AWARD_soft_delete,4JesH6ZjyKJfU4PQgpA2az,Explore/ERP Hub/SoftDelete,Complex,AWARD,7GJWeSZ3GgRjnalVEKpdg4,AWARD: AWARD.IS_DELETED IS NULL,1,"AWARD(Update), AWARD(Update)","7GJWeSZ3GgRjnalVEKpdg4, j7wVfWT172slzuVgNfk3ga",,2,AWARDS(Cached),5P29vuYLDHVfpnOFeoObk3,Cached,1,One-to-Many Distribution,Uniform Update,Sequential,6.0,Medium (100K - 1M records),Standard,Default,"1 Lookup(s), 142 Related Task(s)",Yes,No,No,Enabled,Single Thread,Evaluate parallel processing; Review for decomposition; Optimize filter pushdown
Tf_Soft_Delete_Records,mt_BUILDING_soft_delete,2fKXOrfm0yce9vwzWg35UC,Explore/ERP Hub/SoftDelete,Complex,BUILDING,7GJWeSZ3GgRjnalVEKpdg4,BUILDING: BUILDING.IS_DELETED IS NULL,1,"BUILDING(Update), BUILDING(Update)","7GJWeSZ3GgRjnalVEKpdg4, j7wVfWT172slzuVgNfk3ga",,2,BUILDINGS(Cached),5P29vuYLDHVfpnOFeoObk3,Cached,1,One-to-Many Distribution,Uniform Update,Sequential,6.0,Medium (100K - 1M records),Standard,Default,"1 Lookup(s), 142 Related Task(s)",Yes,No,No,Enabled,Single Thread,Evaluate parallel processing; Review for decomposition; Optimize filter pushdown
Tf_Soft_Delete_Records,mt_CALENDAR_SCHEDULE_soft_delete,leMz5yQGXuah6WwlgrDUwT,Explore/ERP Hub/SoftDelete,Complex,CALENDAR_SCHEDULE,7GJWeSZ3GgRjnalVEKpdg4,None,1,"CALENDAR_SCHEDULE(Update), CALENDAR_SCHEDULE(Update)","7GJWeSZ3GgRjnalVEKpdg4, j7wVfWT172slzuVgNfk3ga",,2,DUMMY_lkp_colleague_calendar_schedule(Cached),5P29vuYLDHVfpnOFeoObk3,Cached,1,One-to-Many Distribution,Uniform Update,Sequential,6.0,Medium (100K - 1M records),Standard,Commit Type: Target,"1 Lookup(s), 142 Related Task(s)",Yes,No,No,Enabled,Single Thread,Evaluate parallel processing; Review for decomposition
Tf_Soft_Delete_Records,mt_CCDS_soft_delete,6oJtFJp1WYLknUsZVOWJ26,Explore/ERP Hub/SoftDelete,Complex,CCDS,7GJWeSZ3GgRjnalVEKpdg4,CCDS: CCDS.IS_DELETED is null,1,"CCDS(Update), CCDS(Update)","7GJWeSZ3GgRjnalVEKpdg4, j7wVfWT172slzuVgNfk3ga",,2,CCDS(Cached),5P29vuYLDHVfpnOFeoObk3,Cached,1,One-to-Many Distribution,Uniform Update,Sequential,6.0,Medium (100K - 1M records),Standard,Default,"1 Lookup(s), 142 Related Task(s)",Yes,No,No,Not Detected,Single Thread,Evaluate parallel processing; Review for decomposition; Optimize filter pushdown
Tf_Soft_Delete_Records,mt_CORP_FOUND_soft_delete,aq2YYr2s2owjYtW08dBxYU,Explore/ERP Hub/SoftDelete,Complex,CORP_FOUND,7GJWeSZ3GgRjnalVEKpdg4,CORP_FOUND: CORP_FOUND.IS_DELETED IS NULL,1,"CORP_FOUND(Update), CORP_FOUND(Update)","7GJWeSZ3GgRjnalVEKpdg4, j7wVfWT172slzuVgNfk3ga",,2,CORP_FOUNDS(Cached),5P29vuYLDHVfpnOFeoObk3,Cached,1,One-to-Many Distribution,Uniform Update,Sequential,6.0,Medium (100K - 1M records),Custom Error Handling,Commit Type: Target,"1 Lookup(s), 142 Related Task(s)",Yes,No,No,Enabled,Single Thread,Evaluate parallel processing; Review for decomposition; Optimize filter pushdown
Tf_Soft_Delete_Records,mt_COUNTRY_soft_delete,4kfcJCzf9VAgaptFpsCJkh,Explore/ERP Hub/SoftDelete,Complex,COUNTRY,7GJWeSZ3GgRjnalVEKpdg4,COUNTRY: COUNTRY.IS_DELETED is null,1,"COUNTRY(Update), COUNTRY(Update)","7GJWeSZ3GgRjnalVEKpdg4, j7wVfWT172slzuVgNfk3ga",,2,COUNTRIES(Cached),5P29vuYLDHVfpnOFeoObk3,Cached,1,One-to-Many Distribution,Uniform Update,Sequential,6.0,Medium (100K - 1M records),Standard,Default,"1 Lookup(s), 142 Related Task(s)",Yes,No,No,Not Detected,Single Thread,Evaluate parallel processing; Review for decomposition; Optimize filter pushdown
Tf_Soft_Delete_Records,mt_COURSE_CONTACT_soft_delete,0ebIueJWnwDju6LuTA8QqD,Explore/ERP Hub/SoftDelete,Complex,COURSE_CONTACT,7GJWeSZ3GgRjnalVEKpdg4,COURSE_CONTACT: COURSE_CONTACT.IS_DELETED IS NULL,1,"COURSE_CONTACT(Update), COURSE_CONTACT(Update)","7GJWeSZ3GgRjnalVEKpdg4, j7wVfWT172slzuVgNfk3ga",,2,COURSES_COURSE_CONTACT(Cached),5P29vuYLDHVfpnOFeoObk3,Cached,1,One-to-Many Distribution,Uniform Update,Sequential,6.0,Medium (100K - 1M records),Standard,Default,"1 Lookup(s), 142 Related Task(s)",Yes,No,No,Enabled,Single Thread,Evaluate parallel processing; Review for decomposition; Optimize filter pushdown
Tf_Soft_Delete_Records,mt_COURSE_EQUATE_CODE_COURSE_soft_delete,h22uUS3DJAKfF3cN8tIhey,Explore/ERP Hub/SoftDelete,Complex,COURSE_EQUATE_CODE_COURSE,7GJWeSZ3GgRjnalVEKpdg4,COURSE_EQUATE_CODE_COURSE: COURSE_EQUATE_CODE_COURSE.IS_DELETED is null,1,"COURSE_EQUATE_CODE_COURSE(Update), COURSE_EQUATE_CODE_COURSE(Update)","7GJWeSZ3GgRjnalVEKpdg4, j7wVfWT172slzuVgNfk3ga",,2,COURSE_EQUATE_CODES_CEC_COURSES(Cached),5P29vuYLDHVfpnOFeoObk3,Cached,1,One-to-Many Distribution,Uniform Update,Sequential,6.0,Medium (100K - 1M records),Standard,Default,"1 Lookup(s), 142 Related Task(s)",Yes,No,No,Enabled,Single Thread,Evaluate parallel processing; Review for decomposition; Optimize filter pushdown
Tf_Soft_Delete_Records,mt_COURSE_EQUATE_CODE_soft_delete,4wXAfPCUzkyfb482Tjt8ik,Explore/ERP Hub/SoftDelete,Complex,COURSE_EQUATE_CODE,7GJWeSZ3GgRjnalVEKpdg4,COURSE_EQUATE_CODE: COURSE_EQUATE_CODE.IS_DELETED is null,1,"COURSE_EQUATE_CODE(Update), COURSE_EQUATE_CODE(Update)","7GJWeSZ3GgRjnalVEKpdg4, j7wVfWT172slzuVgNfk3ga",,2,COURSE_EQUATE_CODES(Cached),5P29vuYLDHVfpnOFeoObk3,Cached,1,One-to-Many Distribution,Uniform Update,Sequential,6.0,Medium (100K - 1M records),Standard,Default,"1 Lookup(s), 142 Related Task(s)",Yes,No,No,Not Detected,Single Thread,Evaluate parallel processing; Review for decomposition; Optimize filter pushdown
Tf_Soft_Delete_Records,mt_COURSE_EQUIVALENCE_soft_delete,aTmujPPQBHtgugdWDZYne8,Explore/ERP Hub/SoftDelete,Complex,COURSE_EQUIVALENCE,7GJWeSZ3GgRjnalVEKpdg4,COURSE_EQUIVALENCE: COURSE_EQUIVALENCE.IS_DELETED is null,1,"COURSE_EQUIVALENCE(Update), COURSE_EQUIVALENCE(Update)","7GJWeSZ3GgRjnalVEKpdg4, j7wVfWT172slzuVgNfk3ga",,2,COURSE_EQUIVS(Cached),5P29vuYLDHVfpnOFeoObk3,Cached,1,One-to-Many Distribution,Uniform Update,Sequential,6.0,Medium (100K - 1M records),Standard,Default,"1 Lookup(s), 142 Related Task(s)",Yes,No,No,Not Detected,Single Thread,Evaluate parallel processing; Review for decomposition; Optimize filter pushdown
Tf_Soft_Delete_Records,mt_COURSE_SECTION_CONTACT_soft_delete,0KCLoclhHmCeaIzgDgoRQ9,Explore/ERP Hub/SoftDelete,Complex,COURSE_SECTION_CONTACT,7GJWeSZ3GgRjnalVEKpdg4,COURSE_SECTION_CONTACT: COURSE_SECTION_CONTACT.IS_DELETED is null,1,"COURSE_SECTION_CONTACT(Update), COURSE_SECTION_CONTACT(Update)","7GJWeSZ3GgRjnalVEKpdg4, j7wVfWT172slzuVgNfk3ga",,2,COURSE_SECTIONS_SEC_CONTACT(Cached),5P29vuYLDHVfpnOFeoObk3,Cached,1,One-to-Many Distribution,Uniform Update,Sequential,6.0,Medium (100K - 1M records),Standard,Default,"1 Lookup(s), 142 Related Task(s)",Yes,No,No,Not Detected,Single Thread,Evaluate parallel processing; Review for decomposition; Optimize filter pushdown
Tf_Soft_Delete_Records,mt_COURSE_SECTION_COREQ_SECTION_soft_delete,8h1CgWbbLOhjrEvyG9cKWN,Explore/ERP Hub/SoftDelete,Complex,COURSE_SECTION_COREQ_SECTION,7GJWeSZ3GgRjnalVEKpdg4,COURSE_SECTION_COREQ_SECTION: COURSE_SECTION_COREQ_SECTION.IS_DELETED is null,1,"COURSE_SECTION_COREQ_SECTION(Update), COURSE_SECTION_COREQ_SECTION(Update)","7GJWeSZ3GgRjnalVEKpdg4, j7wVfWT172slzuVgNfk3ga",,2,COURSE_SECTIONS_SEC_COREQ_SECS(Cached),5P29vuYLDHVfpnOFeoObk3,Cached,1,One-to-Many Distribution,Uniform Update,Sequential,6.0,Medium (100K - 1M records),Standard,Default,"1 Lookup(s), 142 Related Task(s)",Yes,No,No,Not Detected,Single Thread,Evaluate parallel processing; Review for decomposition; Optimize filter pushdown
Tf_Soft_Delete_Records,mt_COURSE_SECTION_COURSE_TYPE_soft_delete,6ZLepQH72EMdAaUlu0sPkT,Explore/ERP Hub/SoftDelete,Complex,COURSE_SECTION_COURSE_TYPE,7GJWeSZ3GgRjnalVEKpdg4,COURSE_SECTION_COURSE_TYPE: COURSE_SECTION_COURSE_TYPE.IS_DELETED is null,1,"COURSE_SECTION_COURSE_TYPE(Update), COURSE_SECTION_COURSE_TYPE(Update)","7GJWeSZ3GgRjnalVEKpdg4, j7wVfWT172slzuVgNfk3ga",,2,COURSE_SECTIONS_SEC_COURSE_TYPES(Cached),5P29vuYLDHVfpnOFeoObk3,Cached,1,One-to-Many Distribution,Uniform Update,Sequential,6.0,Medium (100K - 1M records),Standard,Default,"1 Lookup(s), 142 Related Task(s)",Yes,No,No,Not Detected,Single Thread,Evaluate parallel processing; Review for decomposition; Optimize filter pushdown
Tf_Soft_Delete_Records,mt_COURSE_SECTION_FACULTY_soft_delete,09trpdGEcrobwEbSuTWA0L,Explore/ERP Hub/SoftDelete,Complex,COURSE_SECTION_FACULTY,7GJWeSZ3GgRjnalVEKpdg4,COURSE_SECTION_FACULTY: COURSE_SECTION_FACULTY.IS_DELETED is null,1,"COURSE_SECTION_FACULTY(Update), COURSE_SECTION_FACULTY(Update)","7GJWeSZ3GgRjnalVEKpdg4, j7wVfWT172slzuVgNfk3ga",,2,COURSE_SEC_FACULTY(Cached),5P29vuYLDHVfpnOFeoObk3,Cached,1,One-to-Many Distribution,Uniform Update,Sequential,6.0,Medium (100K - 1M records),Standard,Default,"1 Lookup(s), 142 Related Task(s)",Yes,No,No,Not Detected,Single Thread,Evaluate parallel processing; Review for decomposition; Optimize filter pushdown
Tf_Soft_Delete_Records,mt_COURSE_SECTION_LOCAL_GOVT_CODE_soft_delete,5Ed4aLYBSXNgZdoms4WIQ2,Explore/ERP Hub/SoftDelete,Complex,COURSE_SECTION_LOCAL_GOVT_CODE,7GJWeSZ3GgRjnalVEKpdg4,COURSE_SECTION_LOCAL_GOVT_CODE: COURSE_SECTION_LOCAL_GOVT_CODE.IS_DELETED is null,1,"COURSE_SECTION_LOCAL_GOVT_CODE(Update), COURSE_SECTION_LOCAL_GOVT_CODE(Update)","7GJWeSZ3GgRjnalVEKpdg4, j7wVfWT172slzuVgNfk3ga",,2,COURSE_SECTIONS_SEC_LOCAL_GOVT_CODES(Cached),5P29vuYLDHVfpnOFeoObk3,Cached,1,One-to-Many Distribution,Uniform Update,Sequential,6.0,Medium (100K - 1M records),Standard,Default,"1 Lookup(s), 142 Related Task(s)",Yes,No,No,Not Detected,Single Thread,Evaluate parallel processing; Review for decomposition; Optimize filter pushdown
Tf_Soft_Delete_Records,mt_COURSE_SECTION_MEETING_soft_delete,jjbSIAiWiqBbzmiFyXN4yo,Explore/ERP Hub/SoftDelete,Complex,COURSE_SECTION_MEETING,7GJWeSZ3GgRjnalVEKpdg4,COURSE_SECTION_MEETING: COURSE_SECTION_MEETING.IS_DELETED is null,1,"COURSE_SECTION_MEETING(Update), COURSE_SECTION_MEETING(Update)","7GJWeSZ3GgRjnalVEKpdg4, j7wVfWT172slzuVgNfk3ga",,2,COURSE_SEC_MEETING(Cached),5P29vuYLDHVfpnOFeoObk3,Cached,1,One-to-Many Distribution,Uniform Update,Sequential,6.0,Medium (100K - 1M records),Standard,Default,"1 Lookup(s), 142 Related Task(s)",Yes,No,No,Not Detected,Single Thread,Evaluate parallel processing; Review for decomposition; Optimize filter pushdown
Tf_Soft_Delete_Records,mt_COURSE_TITLE_INFO_soft_delete,lgLohPNAfCpbZw90Ztvmit,Explore/ERP Hub/SoftDelete,Complex,COURSE_TITLE_INFO,7GJWeSZ3GgRjnalVEKpdg4,COURSE_TITLE_INFO: COURSE_TITLE_INFO.IS_DELETED is null,1,"COURSE_TITLE_INFO(Update), COURSE_TITLE_INFO(Update)","7GJWeSZ3GgRjnalVEKpdg4, j7wVfWT172slzuVgNfk3ga",,2,A70_COURSES_A70_CRSE_TITLE_INFO(Cached),5P29vuYLDHVfpnOFeoObk3,Cached,1,One-to-Many Distribution,Uniform Update,Sequential,6.0,Medium (100K - 1M records),Standard,Default,"1 Lookup(s), 142 Related Task(s)",Yes,No,No,Enabled,Single Thread,Evaluate parallel processing; Review for decomposition; Optimize filter pushdown
Tf_Soft_Delete_Records,mt_COURSE_TYPE_soft_delete,5KIOY9eW1AZdKUKgTazZUl,Explore/ERP Hub/SoftDelete,Complex,COURSE_TYPE,7GJWeSZ3GgRjnalVEKpdg4,COURSE_TYPE: COURSE_TYPE.IS_DELETED IS NULL,1,"COURSE_TYPE(Update), COURSE_TYPE(Update)","7GJWeSZ3GgRjnalVEKpdg4, j7wVfWT172slzuVgNfk3ga",,2,COURSES_CRS_COURSE_TYPES(Cached),5P29vuYLDHVfpnOFeoObk3,Cached,1,One-to-Many Distribution,Uniform Update,Sequential,6.0,Medium (100K - 1M records),Standard,Default,"1 Lookup(s), 142 Related Task(s)",Yes,No,No,Enabled,Single Thread,Evaluate parallel processing; Review for decomposition; Optimize filter pushdown
Tf_Soft_Delete_Records,mt_COURSE_soft_delete,ayS28zhCFEVj70bM15hXmV,Explore/ERP Hub/SoftDelete,Complex,COURSE,7GJWeSZ3GgRjnalVEKpdg4,COURSE: COURSE.IS_DELETED is null,1,"COURSE(Update), COURSE(Update)","7GJWeSZ3GgRjnalVEKpdg4, j7wVfWT172slzuVgNfk3ga",,2,COURSES(Cached),5P29vuYLDHVfpnOFeoObk3,Cached,1,One-to-Many Distribution,Uniform Update,Sequential,6.0,Medium (100K - 1M records),Standard,Default,"1 Lookup(s), 142 Related Task(s)",Yes,No,No,Not Detected,Single Thread,Evaluate parallel processing; Review for decomposition; Optimize filter pushdown
Tf_Soft_Delete_Records,mt_CREDIT_TYPE_soft_delete,7RfZsqAVeoRiZApUIqm9A0,Explore/ERP Hub/SoftDelete,Complex,CREDIT_TYPE,7GJWeSZ3GgRjnalVEKpdg4,CREDIT_TYPE: CREDIT_TYPE.IS_DELETED  IS NULL,1,"CREDIT_TYPE(Update), CREDIT_TYPE(Update)","7GJWeSZ3GgRjnalVEKpdg4, j7wVfWT172slzuVgNfk3ga",,2,CRED_TYPES(Cached),5P29vuYLDHVfpnOFeoObk3,Cached,1,One-to-Many Distribution,Uniform Update,Sequential,6.0,Medium (100K - 1M records),Custom Error Handling,Commit Type: Target,"1 Lookup(s), 142 Related Task(s)",Yes,No,No,Enabled,Single Thread,Evaluate parallel processing; Review for decomposition; Optimize filter pushdown
Tf_Soft_Delete_Records,mt_CS_ACYR_soft_delete,7lGcC14Qt2pdIUJR4cDv6Q,Explore/ERP Hub/SoftDelete,Moderate,CS_ACYR,7GJWeSZ3GgRjnalVEKpdg4,CS_ACYR: CS_ACYR.IS_DELETED is null,1,"CS_ACYR(Update), CS_ACYR(Update)","7GJWeSZ3GgRjnalVEKpdg4, j7wVfWT172slzuVgNfk3ga",,2,,,,0,One-to-Many Distribution,Uniform Update,Sequential,6.0,Medium (100K - 1M records),Custom Error Handling,Default,142 Related Task(s),Yes,No,No,Enabled,Single Thread,Evaluate parallel processing; Optimize filter pushdown
Tf_Soft_Delete_Records,mt_DEAN_DEPARTMENT_DETAIL_soft_delete,4oeGs22vp9OkEu3rziTjox,Explore/ERP Hub/SoftDelete,Complex,DEAN_DEPARTMENT_DETAIL,7GJWeSZ3GgRjnalVEKpdg4,None,1,"DEAN_DEPARTMENT_DETAIL(Update), DEAN_DEPARTMENT_DETAIL(Update)","7GJWeSZ3GgRjnalVEKpdg4, j7wVfWT172slzuVgNfk3ga",,2,A70_DEANS_A70_DEAN_SUB_AUTH(Cached),5P29vuYLDHVfpnOFeoObk3,Cached,1,One-to-Many Distribution,Uniform Update,Sequential,6.0,Medium (100K - 1M records),Custom Error Handling,Commit Interval: 1000; Commit Type: Target,"1 Lookup(s), 142 Related Task(s)",Yes,No,No,Enabled,Single Thread,Evaluate parallel processing; Review for decomposition
Tf_Soft_Delete_Records,mt_DEGREE_soft_delete,8LlISCuqhQddpGuaSYrEMU,Explore/ERP Hub/SoftDelete,Complex,DEGREE,7GJWeSZ3GgRjnalVEKpdg4,None,1,"DEGREE(Update), DEGREE(Update)","7GJWeSZ3GgRjnalVEKpdg4, j7wVfWT172slzuVgNfk3ga",,2,DEGREES_(Cached),5P29vuYLDHVfpnOFeoObk3,Cached,1,One-to-Many Distribution,Uniform Update,Sequential,6.0,Medium (100K - 1M records),Standard,Default,"1 Lookup(s), 142 Related Task(s)",Yes,No,No,Not Detected,Single Thread,Evaluate parallel processing; Review for decomposition
Tf_Soft_Delete_Records,mt_DEPARTMENT_CHAIR_soft_delete,gRU10jSgtAzetVe7Rh2jcF,Explore/ERP Hub/SoftDelete,Complex,DEPARTMENT_CHAIR,7GJWeSZ3GgRjnalVEKpdg4,DEPARTMENT_CHAIR: DEPARTMENT_CHAIR.IS_DELETED IS NULL,1,"DEPARTMENT_CHAIR(Update), DEPARTMENT_CHAIR(Update)","7GJWeSZ3GgRjnalVEKpdg4, j7wVfWT172slzuVgNfk3ga",,2,A70_DEPT_CHAIRS(Cached),5P29vuYLDHVfpnOFeoObk3,Cached,1,One-to-Many Distribution,Uniform Update,Sequential,6.0,Medium (100K - 1M records),Standard,Default,"1 Lookup(s), 142 Related Task(s)",Yes,No,No,Enabled,Single Thread,Evaluate parallel processing; Review for decomposition; Optimize filter pushdown
Tf_Soft_Delete_Records,mt_DEPARTMENT_soft_delete,3794mxxFeSjlKkDY36fgGQ,Explore/ERP Hub/SoftDelete,Complex,DEPARTMENT,7GJWeSZ3GgRjnalVEKpdg4,DEPARTMENT: DEPARTMENT.IS_DELETED is null,1,"DEPARTMENT(Update), DEPARTMENT(Update)","7GJWeSZ3GgRjnalVEKpdg4, j7wVfWT172slzuVgNfk3ga",,2,DEPTS(Cached),5P29vuYLDHVfpnOFeoObk3,Cached,1,One-to-Many Distribution,Uniform Update,Sequential,6.0,Medium (100K - 1M records),Standard,Default,"1 Lookup(s), 142 Related Task(s)",Yes,No,No,Not Detected,Single Thread,Evaluate parallel processing; Review for decomposition; Optimize filter pushdown
Tf_Soft_Delete_Records,mt_DISABILITY_soft_delete,2UER7odNIIblCkNiVyCFWu,Explore/ERP Hub/SoftDelete,Complex,DISABILITY,7GJWeSZ3GgRjnalVEKpdg4,DISABILITY: DISABILITY.IS_DELETED is null,1,"DISABILITY(Update), DISABILITY(Update)","7GJWeSZ3GgRjnalVEKpdg4, j7wVfWT172slzuVgNfk3ga",,2,DISABILITY(Cached),5P29vuYLDHVfpnOFeoObk3,Cached,1,One-to-Many Distribution,Uniform Update,Sequential,6.0,Medium (100K - 1M records),Standard,Default,"1 Lookup(s), 142 Related Task(s)",Yes,No,No,Not Detected,Single Thread,Evaluate parallel processing; Review for decomposition; Optimize filter pushdown
Tf_Soft_Delete_Records,mt_DIVISION_soft_delete,lCZYfIkjpcOiDHY9MospMN,Explore/ERP Hub/SoftDelete,Complex,DIVISION,7GJWeSZ3GgRjnalVEKpdg4,DIVISION: DIVISION.IS_DELETED is null,1,"DIVISION(Update), DIVISION(Update)","7GJWeSZ3GgRjnalVEKpdg4, j7wVfWT172slzuVgNfk3ga",,2,DIVISIONS(Cached),5P29vuYLDHVfpnOFeoObk3,Cached,1,One-to-Many Distribution,Uniform Update,Sequential,6.0,Medium (100K - 1M records),Standard,Default,"1 Lookup(s), 142 Related Task(s)",Yes,No,No,Not Detected,Single Thread,Evaluate parallel processing; Review for decomposition; Optimize filter pushdown
Tf_Soft_Delete_Records,mt_DREGISTRATION_EXEMPT_REST_soft_delete,4gwyzyoEI26cMMSuszT4YF,Explore/ERP Hub/SoftDelete,Complex,dbo.dbo/DREGISTRATION_EXEMPT_REST,7GJWeSZ3GgRjnalVEKpdg4,dbo/DREGISTRATION_EXEMPT_REST: DREGISTRATION_EXEMPT_REST.IS_DELETED is null,1,"erp/DREGISTRATION_EXEMPT_REST(Upsert), dbo/DREGISTRATION_EXEMPT_REST(Upsert)","7GJWeSZ3GgRjnalVEKpdg4, j7wVfWT172slzuVgNfk3ga","dbo, erp",2,data/A70_DRGN_EXEMPT_A70_DRGN_RESTS(Cached),5P29vuYLDHVfpnOFeoObk3,Cached,1,One-to-Many Distribution,Uniform Upsert,Sequential,6.0,High (1M - 10M records),Standard,Default,"1 Lookup(s), 142 Related Task(s)",Yes,No,No,Enabled,Single Thread,Evaluate parallel processing; Review for decomposition; Optimize filter pushdown
Tf_Soft_Delete_Records,mt_DREGISTRATION_EXEMPT_TOUCHNET_soft_delete,l7n3LAhtGEuiPeA0vGRT0q,Explore/ERP Hub/SoftDelete,Complex,dbo.dbo/DREGISTRATION_EXEMPT_TOUCHNET,7GJWeSZ3GgRjnalVEKpdg4,dbo/DREGISTRATION_EXEMPT_TOUCHNET: DREGISTRATION_EXEMPT_TOUCHNET.IS_DELETED is null,1,"erp/DREGISTRATION_EXEMPT_TOUCHNET(Upsert), dbo/DREGISTRATION_EXEMPT_TOUCHNET(Upsert)","7GJWeSZ3GgRjnalVEKpdg4, j7wVfWT172slzuVgNfk3ga","dbo, erp",2,data/A70_DRGN_EXEMPT_A70_DRGN_TOUCHNET(Cached),5P29vuYLDHVfpnOFeoObk3,Cached,1,One-to-Many Distribution,Uniform Upsert,Sequential,6.0,High (1M - 10M records),Standard,Default,"1 Lookup(s), 142 Related Task(s)",Yes,No,No,Enabled,Single Thread,Evaluate parallel processing; Review for decomposition; Optimize filter pushdown
Tf_Soft_Delete_Records,mt_DREGISTRATION_EXEMPT_VETERAN_soft_delete,6yi6uDryXFPdvzrB14jfEP,Explore/ERP Hub/SoftDelete,Complex,dbo.dbo/DREGISTRATION_EXEMPT_VETERAN,7GJWeSZ3GgRjnalVEKpdg4,dbo/DREGISTRATION_EXEMPT_VETERAN: dbo.DREGISTRATION_EXEMPT_VETERAN.IS_DELETED is null,1,"erp/DREGISTRATION_EXEMPT_VETERAN(Update), dbo/DREGISTRATION_EXEMPT_VETERAN(Update)","7GJWeSZ3GgRjnalVEKpdg4, j7wVfWT172slzuVgNfk3ga","dbo, erp",2,data/A70_DRGN_EXEMPT_A70_DRGN_VETERAN(Cached),5P29vuYLDHVfpnOFeoObk3,Cached,1,One-to-Many Distribution,Uniform Update,Sequential,6.0,Medium (100K - 1M records),Custom Error Handling,Commit Type: Target,"1 Lookup(s), 142 Related Task(s)",Yes,No,No,Enabled,Single Thread,Evaluate parallel processing; Review for decomposition; Optimize filter pushdown
Tf_Soft_Delete_Records,mt_DREGISTRATION_EXEMPT_soft_delete,ecE2JBAvkmndWm5c3awnKX,Explore/ERP Hub/SoftDelete,Complex,dbo.dbo/DREGISTRATION_EXEMPT,7GJWeSZ3GgRjnalVEKpdg4,dbo/DREGISTRATION_EXEMPT: DREGISTRATION_EXEMPT.IS_DELETED is null,1,"erp/DREGISTRATION_EXEMPT(Upsert), dbo/DREGISTRATION_EXEMPT(Upsert)","7GJWeSZ3GgRjnalVEKpdg4, j7wVfWT172slzuVgNfk3ga","dbo, erp",2,data/A70_DRGN_EXEMPT(Cached),5P29vuYLDHVfpnOFeoObk3,Cached,1,One-to-Many Distribution,Uniform Upsert,Sequential,6.0,High (1M - 10M records),Custom Error Handling,Commit Type: Target,"1 Lookup(s), 142 Related Task(s)",Yes,No,No,Enabled,Single Thread,Evaluate parallel processing; Review for decomposition; Optimize filter pushdown
Tf_Soft_Delete_Records,mt_DREGISTRATION_STUDENT_soft_delete,70yOqPFHsqAbNxwbE5QniV,Explore/ERP Hub/SoftDelete,Complex,DREGISTRATION_STUDENT,7GJWeSZ3GgRjnalVEKpdg4,DREGISTRATION_STUDENT: DREGISTRATION_STUDENT.IS_DELETED IS NULL,1,"DREGISTRATION_STUDENT(Update), DREGISTRATION_STUDENT(Update)","7GJWeSZ3GgRjnalVEKpdg4, j7wVfWT172slzuVgNfk3ga",,2,A70_DRGN_STUDENT(Cached),5P29vuYLDHVfpnOFeoObk3,Cached,1,One-to-Many Distribution,Uniform Update,Sequential,6.0,Medium (100K - 1M records),Standard,Default,"1 Lookup(s), 142 Related Task(s)",Yes,No,No,Enabled,Single Thread,Evaluate parallel processing; Review for decomposition; Optimize filter pushdown
Tf_Soft_Delete_Records,mt_EDI_TRAN_COURSE_soft_delete,7k4aHdoJ1itfNZ5NYEsly1,Explore/ERP Hub/SoftDelete,Complex,EDI_TRAN_COURSE,7GJWeSZ3GgRjnalVEKpdg4,EDI_TRAN_COURSE: EDI_TRAN_COURSE.IS_DELETED IS NULL,1,"EDI_TRAN_COURSE(Update), EDI_TRAN_COURSE(Update)","7GJWeSZ3GgRjnalVEKpdg4, j7wVfWT172slzuVgNfk3ga",,2,EDI_TRAN_COURSES(Cached),5P29vuYLDHVfpnOFeoObk3,Cached,1,One-to-Many Distribution,Uniform Update,Sequential,6.0,Medium (100K - 1M records),Custom Error Handling,Commit Type: Target,"1 Lookup(s), 142 Related Task(s)",Yes,No,No,Enabled,Single Thread,Evaluate parallel processing; Review for decomposition; Optimize filter pushdown
Tf_Soft_Delete_Records,mt_EXTERNAL_TRANSCRIPTS_soft_delete,0fJ7LgEwgiBetNNXr7yfIB,Explore/ERP Hub/SoftDelete,Complex,EXTERNAL_TRANSCRIPTS,7GJWeSZ3GgRjnalVEKpdg4,EXTERNAL_TRANSCRIPTS: EXTERNAL_TRANSCRIPTS.IS_DELETED IS NULL,1,"EXTERNAL_TRANSCRIPTS(Update), EXTERNAL_TRANSCRIPTS(Update)","7GJWeSZ3GgRjnalVEKpdg4, j7wVfWT172slzuVgNfk3ga",,2,EXTERNAL_TRANSCRIPTS(Cached),5P29vuYLDHVfpnOFeoObk3,Cached,1,One-to-Many Distribution,Uniform Update,Sequential,6.0,Medium (100K - 1M records),Custom Error Handling,Commit Type: Target,"1 Lookup(s), 142 Related Task(s)",Yes,No,No,Enabled,Single Thread,Evaluate parallel processing; Review for decomposition; Optimize filter pushdown
Tf_Soft_Delete_Records,mt_FINANCIAL_AID_AWARD_HISTORY_soft_delete,1YyB4V1QCvsdr7iuktyVeH,Explore/ERP Hub/SoftDelete,Complex,FINANCIAL_AID_AWARD_HISTORY,7GJWeSZ3GgRjnalVEKpdg4,FINANCIAL_AID_AWARD_HISTORY: FINANCIAL_AID_AWARD_HISTORY.IS_DELETED is null,1,"FINANCIAL_AID_AWARD_HISTORY(Update), FINANCIAL_AID_AWARD_HISTORY(Update)","7GJWeSZ3GgRjnalVEKpdg4, j7wVfWT172slzuVgNfk3ga",,2,FA_AWARD_HISTORY(Cached),5P29vuYLDHVfpnOFeoObk3,Cached,1,One-to-Many Distribution,Uniform Update,Sequential,6.0,Medium (100K - 1M records),Standard,Default,"1 Lookup(s), 142 Related Task(s)",Yes,No,No,Not Detected,Single Thread,Evaluate parallel processing; Review for decomposition; Optimize filter pushdown
Tf_Soft_Delete_Records,mt_FINANCIAL_AID_CATEGORY_AMOUNT_soft_delete,8XkT2bbeDe0deiH6KoHbmN,Explore/ERP Hub/SoftDelete,Complex,FINANCIAL_AID_CATEGORY_AMOUNT,7GJWeSZ3GgRjnalVEKpdg4,FINANCIAL_AID_CATEGORY_AMOUNT: FINANCIAL_AID_CATEGORY_AMOUNT.IS_DELETED is null,1,"FINANCIAL_AID_CATEGORY_AMOUNT(Update), FINANCIAL_AID_CATEGORY_AMOUNT(Update)","7GJWeSZ3GgRjnalVEKpdg4, j7wVfWT172slzuVgNfk3ga",,2,FA_CATEGORY_AMOUNTS(Cached),5P29vuYLDHVfpnOFeoObk3,Cached,1,One-to-Many Distribution,Uniform Update,Sequential,6.0,Medium (100K - 1M records),Standard,Default,"1 Lookup(s), 142 Related Task(s)",Yes,No,No,Not Detected,Single Thread,Evaluate parallel processing; Review for decomposition; Optimize filter pushdown
Tf_Soft_Delete_Records,mt_FINANCIAL_AID_COMMENT_CODE_soft_delete,k8GHrDeWd2Scma5eI6YDcA,Explore/ERP Hub/SoftDelete,Complex,FINANCIAL_AID_COMMENT_CODE,7GJWeSZ3GgRjnalVEKpdg4,FINANCIAL_AID_COMMENT_CODE: FINANCIAL_AID_COMMENT_CODE.IS_DELETED IS NULL,1,"FINANCIAL_AID_COMMENT_CODE(Update), FINANCIAL_AID_COMMENT_CODE(Update)","7GJWeSZ3GgRjnalVEKpdg4, j7wVfWT172slzuVgNfk3ga",,2,FA_COMMENT_CODES(Cached),5P29vuYLDHVfpnOFeoObk3,Cached,1,One-to-Many Distribution,Uniform Update,Sequential,6.0,Medium (100K - 1M records),Custom Error Handling,Commit Type: Target,"1 Lookup(s), 142 Related Task(s)",Yes,No,No,Enabled,Single Thread,Evaluate parallel processing; Review for decomposition; Optimize filter pushdown
Tf_Soft_Delete_Records,mt_FINANCIAL_AID_COMMENT_soft_delete,3Ca0utJWGWee8FUzgPjAMw,Explore/ERP Hub/SoftDelete,Complex,FINANCIAL_AID_COMMENT,7GJWeSZ3GgRjnalVEKpdg4,FINANCIAL_AID_COMMENT: FINANCIAL_AID_COMMENT.IS_DELETED IS NULL,1,"FINANCIAL_AID_COMMENT(Update), FINANCIAL_AID_COMMENT(Update)","7GJWeSZ3GgRjnalVEKpdg4, j7wVfWT172slzuVgNfk3ga",,2,FA_COMMENTS(Cached),5P29vuYLDHVfpnOFeoObk3,Cached,1,One-to-Many Distribution,Uniform Update,Sequential,6.0,Medium (100K - 1M records),Custom Error Handling,Commit Type: Target,"1 Lookup(s), 142 Related Task(s)",Yes,No,No,Enabled,Single Thread,Evaluate parallel processing; Review for decomposition; Optimize filter pushdown
Tf_Soft_Delete_Records,mt_FINANCIAL_AID_DL_AWARD_CONDITION_soft_delete,fUlwtCcXeshjGoKx9DAoSM,Explore/ERP Hub/SoftDelete,Complex,FINANCIAL_AID_DL_AWARD_CONDITION,7GJWeSZ3GgRjnalVEKpdg4,FINANCIAL_AID_DL_AWARD_CONDITION: FINANCIAL_AID_DL_AWARD_CONDITION.IS_DELETED IS NULL,1,"FINANCIAL_AID_DL_AWARD_CONDITION(Update), FINANCIAL_AID_DL_AWARD_CONDITION(Update)","7GJWeSZ3GgRjnalVEKpdg4, j7wVfWT172slzuVgNfk3ga",,2,FA_DL_AWARD_CONDITIONS(Cached),5P29vuYLDHVfpnOFeoObk3,Cached,1,One-to-Many Distribution,Uniform Update,Sequential,6.0,Medium (100K - 1M records),Custom Error Handling,Commit Type: Target,"1 Lookup(s), 142 Related Task(s)",Yes,No,No,Enabled,Single Thread,Evaluate parallel processing; Review for decomposition; Optimize filter pushdown
Tf_Soft_Delete_Records,mt_FINANCIAL_AID_FISAP_EAAD_soft_delete,cK8vqElLa82lxM6FJrzZEo,Explore/ERP Hub/SoftDelete,Complex,FINANCIAL_AID_FISAP_EAAD,7GJWeSZ3GgRjnalVEKpdg4,FINANCIAL_AID_FISAP_EAAD: FINANCIAL_AID_FISAP_EAAD.IS_DELETED IS NULL,1,"FINANCIAL_AID_FISAP_EAAD(Update), FINANCIAL_AID_FISAP_EAAD(Update)","7GJWeSZ3GgRjnalVEKpdg4, j7wVfWT172slzuVgNfk3ga",,2,FA_FISAP_EAAD(Cached),5P29vuYLDHVfpnOFeoObk3,Cached,1,One-to-Many Distribution,Uniform Update,Sequential,6.0,Medium (100K - 1M records),Custom Error Handling,Commit Type: Target,"1 Lookup(s), 142 Related Task(s)",Yes,No,No,Enabled,Single Thread,Evaluate parallel processing; Review for decomposition; Optimize filter pushdown
Tf_Soft_Delete_Records,mt_FINANCIAL_AID_FISAP_PRDD_soft_delete,hJo8V7DgCQ9exv9RpUVBqF,Explore/ERP Hub/SoftDelete,Complex,FINANCIAL_AID_FISAP_PRDD,7GJWeSZ3GgRjnalVEKpdg4,FINANCIAL_AID_FISAP_PRDD: FINANCIAL_AID_FISAP_PRDD.IS_DELETED IS NULL,1,"FINANCIAL_AID_FISAP_PRDD(Update), FINANCIAL_AID_FISAP_PRDD(Update)","7GJWeSZ3GgRjnalVEKpdg4, j7wVfWT172slzuVgNfk3ga",,2,FA_FISAP_PRDD(Cached),5P29vuYLDHVfpnOFeoObk3,Cached,1,One-to-Many Distribution,Uniform Update,Sequential,6.0,Medium (100K - 1M records),Standard,Default,"1 Lookup(s), 142 Related Task(s)",Yes,No,No,Enabled,Single Thread,Evaluate parallel processing; Review for decomposition; Optimize filter pushdown
Tf_Soft_Delete_Records,mt_FINANCIAL_AID_INTERVIEW_CODE_soft_delete,6D28gWYzXcYinc5r45Ngm7,Explore/ERP Hub/SoftDelete,Complex,FINANCIAL_AID_INTERVIEW_CODE,7GJWeSZ3GgRjnalVEKpdg4,FINANCIAL_AID_INTERVIEW_CODE: FINANCIAL_AID_INTERVIEW_CODE.IS_DELETED is null,1,"FINANCIAL_AID_INTERVIEW_CODE(Update), FINANCIAL_AID_INTERVIEW_CODE(Update)","7GJWeSZ3GgRjnalVEKpdg4, j7wVfWT172slzuVgNfk3ga",,2,FA_INTERVIEW_CODES(Cached),5P29vuYLDHVfpnOFeoObk3,Cached,1,One-to-Many Distribution,Uniform Update,Sequential,6.0,Medium (100K - 1M records),Standard,Default,"1 Lookup(s), 142 Related Task(s)",Yes,No,No,Enabled,Single Thread,Evaluate parallel processing; Review for decomposition; Optimize filter pushdown
Tf_Soft_Delete_Records,mt_FINANCIAL_AID_INTERVIEW_soft_delete,kJTS59fmtiehVDTrQoIa2d,Explore/ERP Hub/SoftDelete,Complex,FINANCIAL_AID_INTERVIEW,7GJWeSZ3GgRjnalVEKpdg4,FINANCIAL_AID_INTERVIEW: FINANCIAL_AID_INTERVIEW.IS_DELETED is null,1,"FINANCIAL_AID_INTERVIEW(Update), FINANCIAL_AID_INTERVIEW(Update)","7GJWeSZ3GgRjnalVEKpdg4, j7wVfWT172slzuVgNfk3ga",,2,FA_INTERVIEW(Cached),5P29vuYLDHVfpnOFeoObk3,Cached,1,One-to-Many Distribution,Uniform Update,Sequential,6.0,Medium (100K - 1M records),Standard,Default,"1 Lookup(s), 142 Related Task(s)",Yes,No,No,Not Detected,Single Thread,Evaluate parallel processing; Review for decomposition; Optimize filter pushdown
Tf_Soft_Delete_Records,mt_FINANCIAL_AID_LOCATION_soft_delete,5DCLxtGCjubedyZ41Hkau7,Explore/ERP Hub/SoftDelete,Complex,FINANCIAL_AID_LOCATION,7GJWeSZ3GgRjnalVEKpdg4,FINANCIAL_AID_LOCATION: FINANCIAL_AID_LOCATION.IS_DELETED is null,1,"FINANCIAL_AID_LOCATION(Update), FINANCIAL_AID_LOCATION(Update)","7GJWeSZ3GgRjnalVEKpdg4, j7wVfWT172slzuVgNfk3ga",,2,FA_LOCATIONS(Cached),5P29vuYLDHVfpnOFeoObk3,Cached,1,One-to-Many Distribution,Uniform Update,Sequential,6.0,Medium (100K - 1M records),Standard,Default,"1 Lookup(s), 142 Related Task(s)",Yes,No,No,Enabled,Single Thread,Evaluate parallel processing; Review for decomposition; Optimize filter pushdown
Tf_Soft_Delete_Records,mt_FINANCIAL_AID_OFFICE_soft_delete,2ZjKWwFxrwOhEliKE2Mfg0,Explore/ERP Hub/SoftDelete,Complex,FINANCIAL_AID_OFFICE,7GJWeSZ3GgRjnalVEKpdg4,FINANCIAL_AID_OFFICE: FINANCIAL_AID_OFFICE.IS_DELETED IS NULL,1,"FINANCIAL_AID_OFFICE(Update), FINANCIAL_AID_OFFICE(Update)","7GJWeSZ3GgRjnalVEKpdg4, j7wVfWT172slzuVgNfk3ga",,2,FA_OFFICES(Cached),5P29vuYLDHVfpnOFeoObk3,Cached,1,One-to-Many Distribution,Uniform Update,Sequential,6.0,Medium (100K - 1M records),Custom Error Handling,Commit Type: Target,"1 Lookup(s), 142 Related Task(s)",Yes,No,No,Enabled,Single Thread,Evaluate parallel processing; Review for decomposition; Optimize filter pushdown
Tf_Soft_Delete_Records,mt_FINANCIAL_AID_OUTSIDE_AWARD_soft_delete,2hslordLTupfLeZgBjdaQp,Explore/ERP Hub/SoftDelete,Complex,FINANCIAL_AID_OUTSIDE_AWARD,7GJWeSZ3GgRjnalVEKpdg4,FINANCIAL_AID_OUTSIDE_AWARD: FINANCIAL_AID_OUTSIDE_AWARD.IS_DELETED IS NULL,1,"FINANCIAL_AID_OUTSIDE_AWARD(Update), FINANCIAL_AID_OUTSIDE_AWARD(Update)","7GJWeSZ3GgRjnalVEKpdg4, j7wVfWT172slzuVgNfk3ga",,2,FA_OUTSIDE_AWARDS(Cached),5P29vuYLDHVfpnOFeoObk3,Cached,1,One-to-Many Distribution,Uniform Update,Sequential,6.0,Medium (100K - 1M records),Standard,Default,"1 Lookup(s), 142 Related Task(s)",Yes,No,No,Enabled,Single Thread,Evaluate parallel processing; Review for decomposition; Optimize filter pushdown
Tf_Soft_Delete_Records,mt_FINANCIAL_AID_REQUIRED_CHILD_soft_delete,jjciPfeSQmSk2VsX69sVow,Explore/ERP Hub/SoftDelete,Complex,FINANCIAL_AID_REQUIRED_CHILD,7GJWeSZ3GgRjnalVEKpdg4,FINANCIAL_AID_REQUIRED_CHILD: FINANCIAL_AID_REQUIRED_CHILD.IS_DELETED IS NULL,1,"FINANCIAL_AID_REQUIRED_CHILD(Update), FINANCIAL_AID_REQUIRED_CHILD(Update)","7GJWeSZ3GgRjnalVEKpdg4, j7wVfWT172slzuVgNfk3ga",,2,FA_REQUIRED_FA_REQ(Cached),5P29vuYLDHVfpnOFeoObk3,Cached,1,One-to-Many Distribution,Uniform Update,Sequential,6.0,Medium (100K - 1M records),Standard,Default,"1 Lookup(s), 142 Related Task(s)",Yes,No,No,Enabled,Single Thread,Evaluate parallel processing; Review for decomposition; Optimize filter pushdown
Tf_Soft_Delete_Records,mt_FINANCIAL_AID_REQUIRED_soft_delete,168NUTfbKoolrLjMj9qd2x,Explore/ERP Hub/SoftDelete,Complex,FINANCIAL_AID_REQUIRED,7GJWeSZ3GgRjnalVEKpdg4,FINANCIAL_AID_REQUIRED: FINANCIAL_AID_REQUIRED.IS_DELETED IS NULL,1,"FINANCIAL_AID_REQUIRED(Update), FINANCIAL_AID_REQUIRED(Update)","7GJWeSZ3GgRjnalVEKpdg4, j7wVfWT172slzuVgNfk3ga",,2,FA_REQUIRED(Cached),5P29vuYLDHVfpnOFeoObk3,Cached,1,One-to-Many Distribution,Uniform Update,Sequential,6.0,Medium (100K - 1M records),Standard,Default,"1 Lookup(s), 142 Related Task(s)",Yes,No,No,Enabled,Single Thread,Evaluate parallel processing; Review for decomposition; Optimize filter pushdown
Tf_Soft_Delete_Records,mt_FINANCIAL_AID_SAP_RESULT_soft_delete,5pW13KtzrAib2KfsPSx6g1,Explore/ERP Hub/SoftDelete,Complex,FINANCIAL_AID_SAP_RESULT,7GJWeSZ3GgRjnalVEKpdg4,FINANCIAL_AID_SAP_RESULT: FINANCIAL_AID_SAP_RESULT.IS_DELETED IS NULL,1,"FINANCIAL_AID_SAP_RESULT(Update), FINANCIAL_AID_SAP_RESULT(Update)","7GJWeSZ3GgRjnalVEKpdg4, j7wVfWT172slzuVgNfk3ga",,2,FIN_AID_FA_SAP_RESULTS_ID(Cached),5P29vuYLDHVfpnOFeoObk3,Cached,1,One-to-Many Distribution,Uniform Update,Sequential,6.0,Medium (100K - 1M records),Standard,Default,"1 Lookup(s), 142 Related Task(s)",Yes,No,No,Enabled,Single Thread,Evaluate parallel processing; Review for decomposition; Optimize filter pushdown
Tf_Soft_Delete_Records,mt_FINANCIAL_AID_SAP_STATUS_INFO_soft_delete,dF6oWdO1YuBhLiCvmraVC0,Explore/ERP Hub/SoftDelete,Complex,FINANCIAL_AID_SAP_STATUS_INFO,7GJWeSZ3GgRjnalVEKpdg4,FINANCIAL_AID_SAP_STATUS_INFO: FINANCIAL_AID_SAP_STATUS_INFO.IS_DELETED IS NULL,1,"FINANCIAL_AID_SAP_STATUS_INFO(Update), FINANCIAL_AID_SAP_STATUS_INFO(Update)","7GJWeSZ3GgRjnalVEKpdg4, j7wVfWT172slzuVgNfk3ga",,2,FA_SAP_STATUS_INFO(Cached),5P29vuYLDHVfpnOFeoObk3,Cached,1,One-to-Many Distribution,Uniform Update,Sequential,6.0,Medium (100K - 1M records),Custom Error Handling,Commit Type: Target,"1 Lookup(s), 142 Related Task(s)",Yes,No,No,Enabled,Single Thread,Evaluate parallel processing; Review for decomposition; Optimize filter pushdown
Tf_Soft_Delete_Records,mt_FINANCIAL_AID_SCP_soft_delete,66F7B6KwhkClmPxb85sFAr,Explore/ERP Hub/SoftDelete,Complex,FINANCIAL_AID_SCP,7GJWeSZ3GgRjnalVEKpdg4,FINANCIAL_AID_SCP: FINANCIAL_AID_SCP.IS_DELETED IS NULL,1,"FINANCIAL_AID_SCP(Update), FINANCIAL_AID_SCP(Update)","7GJWeSZ3GgRjnalVEKpdg4, j7wVfWT172slzuVgNfk3ga",,2,FA_SCP(Cached),5P29vuYLDHVfpnOFeoObk3,Cached,1,One-to-Many Distribution,Uniform Update,Sequential,6.0,Medium (100K - 1M records),Custom Error Handling,Commit Type: Target,"1 Lookup(s), 142 Related Task(s)",Yes,No,No,Enabled,Single Thread,Evaluate parallel processing; Review for decomposition; Optimize filter pushdown
Tf_Soft_Delete_Records,mt_FINANCIAL_AID_TRANSMITTAL_soft_delete,8rXqI3fRFqjlFKYBk9vtCY,Explore/ERP Hub/SoftDelete,Complex,FINANCIAL_AID_TRANSMITTAL,7GJWeSZ3GgRjnalVEKpdg4,FINANCIAL_AID_TRANSMITTAL: FINANCIAL_AID_TRANSMITTAL.IS_DELETED IS NULL,1,"FINANCIAL_AID_TRANSMITTAL(Update), FINANCIAL_AID_TRANSMITTAL(Update)","7GJWeSZ3GgRjnalVEKpdg4, j7wVfWT172slzuVgNfk3ga",,2,FA_TRANSMITTALS(Cached),5P29vuYLDHVfpnOFeoObk3,Cached,1,One-to-Many Distribution,Uniform Update,Sequential,6.0,Medium (100K - 1M records),Standard,Default,"1 Lookup(s), 142 Related Task(s)",Yes,No,No,Enabled,Single Thread,Evaluate parallel processing; Review for decomposition; Optimize filter pushdown
Tf_Soft_Delete_Records,mt_FINANCIAL_AID_soft_delete,5jwFY1PgLmQiDpi7oRmFco,Explore/ERP Hub/SoftDelete,Complex,FINANCIAL_AID,7GJWeSZ3GgRjnalVEKpdg4,FINANCIAL_AID: FINANCIAL_AID.IS_DELETED IS NULL,1,"FINANCIAL_AID(Update), FINANCIAL_AID(Update)","7GJWeSZ3GgRjnalVEKpdg4, j7wVfWT172slzuVgNfk3ga",,2,FIN_AID(Cached),5P29vuYLDHVfpnOFeoObk3,Cached,1,One-to-Many Distribution,Uniform Update,Sequential,6.0,Medium (100K - 1M records),Standard,Default,"1 Lookup(s), 142 Related Task(s)",Yes,No,No,Enabled,Single Thread,Evaluate parallel processing; Review for decomposition; Optimize filter pushdown
Tf_Soft_Delete_Records,mt_FOREIGN_PERSON_soft_delete,7rN4NkwCiPWc494LJkaMKP,Explore/ERP Hub/SoftDelete,Complex,FOREIGN_PERSON,7GJWeSZ3GgRjnalVEKpdg4,FOREIGN_PERSON: FOREIGN_PERSON.IS_DELETED IS NULL,1,"FOREIGN_PERSON(Update), FOREIGN_PERSON(Update)","7GJWeSZ3GgRjnalVEKpdg4, j7wVfWT172slzuVgNfk3ga",,2,FOREIGN_PERSON(Cached),5P29vuYLDHVfpnOFeoObk3,Cached,1,One-to-Many Distribution,Uniform Update,Sequential,6.0,Medium (100K - 1M records),Standard,Default,"1 Lookup(s), 142 Related Task(s)",Yes,No,No,Enabled,Single Thread,Evaluate parallel processing; Review for decomposition; Optimize filter pushdown
Tf_Soft_Delete_Records,mt_GRADE_soft_delete,3dqHI0raIy5fAjmVO8WxC8,Explore/ERP Hub/SoftDelete,Complex,GRADE,7GJWeSZ3GgRjnalVEKpdg4,GRADE: GRADE.IS_DELETED IS NULL,1,"GRADE(Update), GRADE(Update)","7GJWeSZ3GgRjnalVEKpdg4, j7wVfWT172slzuVgNfk3ga",,2,GRADES(Cached),5P29vuYLDHVfpnOFeoObk3,Cached,1,One-to-Many Distribution,Uniform Update,Sequential,6.0,Medium (100K - 1M records),Standard,Default,"1 Lookup(s), 142 Related Task(s)",Yes,No,No,Enabled,Single Thread,Evaluate parallel processing; Review for decomposition; Optimize filter pushdown
Tf_Soft_Delete_Records,mt_GRADUATE_soft_delete,gcJVXtHfUSegk5Fi0tjSkj,Explore/ERP Hub/SoftDelete,Complex,GRADUATE,7GJWeSZ3GgRjnalVEKpdg4,None,1,"GRADUATE(Update), GRADUATE(Update)","7GJWeSZ3GgRjnalVEKpdg4, j7wVfWT172slzuVgNfk3ga",,2,GRADUATES(Cached),5P29vuYLDHVfpnOFeoObk3,Cached,1,One-to-Many Distribution,Uniform Update,Sequential,6.0,Medium (100K - 1M records),Standard,Commit Type: Target,"1 Lookup(s), 142 Related Task(s)",Yes,No,No,Enabled,Single Thread,Evaluate parallel processing; Review for decomposition
Tf_Soft_Delete_Records,mt_HR_PERSON_INSTITUTIONAL_STATUS_soft_delete,5eFIgOylWK6h4MPXqJdwuT,Explore/ERP Hub/SoftDelete,Complex,HR_PERSON_INSTITUTIONAL_STATUS,7GJWeSZ3GgRjnalVEKpdg4,HR_PERSON_INSTITUTIONAL_STATUS: HR_PERSON_INSTITUTIONAL_STATUS.IS_DELETED IS NULL,1,"HR_PERSON_INSTITUTIONAL_STATUS(Update), HR_PERSON_INSTITUTIONAL_STATUS(Update)","7GJWeSZ3GgRjnalVEKpdg4, j7wVfWT172slzuVgNfk3ga",,2,PERSTAT(Cached),5P29vuYLDHVfpnOFeoObk3,Cached,1,One-to-Many Distribution,Uniform Update,Sequential,6.0,Medium (100K - 1M records),Standard,Default,"1 Lookup(s), 142 Related Task(s)",Yes,No,No,Enabled,Single Thread,Evaluate parallel processing; Review for decomposition; Optimize filter pushdown
Tf_Soft_Delete_Records,mt_HR_PERSON_soft_delete,4mLd5PUpg8HbC4vDhsNRy9,Explore/ERP Hub/SoftDelete,Complex,HR_PERSON,7GJWeSZ3GgRjnalVEKpdg4,HR_PERSON: HR_PERSON.IS_DELETED IS NULL,1,"HR_PERSON(Update), HR_PERSON(Update)","7GJWeSZ3GgRjnalVEKpdg4, j7wVfWT172slzuVgNfk3ga",,2,HRPER(Cached),5P29vuYLDHVfpnOFeoObk3,Cached,1,One-to-Many Distribution,Uniform Update,Sequential,6.0,Medium (100K - 1M records),Standard,Default,"1 Lookup(s), 142 Related Task(s)",Yes,No,No,Enabled,Single Thread,Evaluate parallel processing; Review for decomposition; Optimize filter pushdown
Tf_Soft_Delete_Records,mt_HS_STUDENT_soft_delete,2AYQ8Rng46SklH06XKRZUq,Explore/ERP Hub/SoftDelete,Complex,dbo.dbo/HS_STUDENT,7GJWeSZ3GgRjnalVEKpdg4,"dbo/HS_STUDENT: ""HS_STUDENT"".""IS_DELETED"" is null",1,"erp/HS_STUDENT(Upsert), dbo/HS_STUDENT(Upsert)","7GJWeSZ3GgRjnalVEKpdg4, j7wVfWT172slzuVgNfk3ga","dbo, erp",2,data/A70_HS_STUDENT(Cached),5P29vuYLDHVfpnOFeoObk3,Cached,1,One-to-Many Distribution,Uniform Upsert,Sequential,6.0,High (1M - 10M records),Standard,Default,"1 Lookup(s), 142 Related Task(s)",Yes,No,No,Enabled,Single Thread,Evaluate parallel processing; Review for decomposition; Optimize filter pushdown
Tf_Soft_Delete_Records,mt_INSTITUTION_ATTENDED_ACAD_CREDENTIAL_soft_delete,2dClxFDAHrbjfZ4JCsCFW9,Explore/ERP Hub/SoftDelete,Complex,INSTITUTION_ATTENDED_ACAD_CREDENTIAL,7GJWeSZ3GgRjnalVEKpdg4,INSTITUTION_ATTENDED_ACAD_CREDENTIAL: INSTITUTION_ATTENDED_ACAD_CREDENTIAL.IS_DELETED IS NULL,1,"INSTITUTION_ATTENDED_ACAD_CREDENTIAL(Update), INSTITUTION_ATTENDED_ACAD_CREDENTIAL(Update)","7GJWeSZ3GgRjnalVEKpdg4, j7wVfWT172slzuVgNfk3ga",,2,INSTITUTIONS_ATTEND_INSTA_ACAD_CREDENTIALS(Cached),5P29vuYLDHVfpnOFeoObk3,Cached,1,One-to-Many Distribution,Uniform Update,Sequential,6.0,Medium (100K - 1M records),Standard,Default,"1 Lookup(s), 142 Related Task(s)",Yes,No,No,Enabled,Single Thread,Evaluate parallel processing; Review for decomposition; Optimize filter pushdown
Tf_Soft_Delete_Records,mt_INSTITUTION_ATTENDED_DATE_soft_delete,7GDKFAjlEmziTmFfPGRWqY,Explore/ERP Hub/SoftDelete,Complex,INSTITUTION_ATTENDED_DATE,7GJWeSZ3GgRjnalVEKpdg4,None,1,"INSTITUTION_ATTENDED_DATE(Update), INSTITUTION_ATTENDED_DATE(Update)","7GJWeSZ3GgRjnalVEKpdg4, j7wVfWT172slzuVgNfk3ga",,2,INSTITUTIONS_ATTEND_DATES_ATTENDED(Cached),5P29vuYLDHVfpnOFeoObk3,Cached,1,One-to-Many Distribution,Uniform Update,Sequential,6.0,Medium (100K - 1M records),Custom Error Handling,Commit Type: Target,"1 Lookup(s), 142 Related Task(s)",Yes,No,No,Enabled,Single Thread,Evaluate parallel processing; Review for decomposition
Tf_Soft_Delete_Records,mt_INSTITUTION_ATTENDED_YEAR_soft_delete,7l0fRjeAp9tk0TVWr6wceV,Explore/ERP Hub/SoftDelete,Complex,INSTITUTION_ATTENDED_YEAR,7GJWeSZ3GgRjnalVEKpdg4,INSTITUTION_ATTENDED_YEAR: INSTITUTION_ATTENDED_YEAR.IS_DELETED IS NULL,1,"INSTITUTION_ATTENDED_YEAR(Update), INSTITUTION_ATTENDED_YEAR(Update)","7GJWeSZ3GgRjnalVEKpdg4, j7wVfWT172slzuVgNfk3ga",,2,INSTITUTIONS_ATTEND_YEARS_ATTENDED(Cached),5P29vuYLDHVfpnOFeoObk3,Cached,1,One-to-Many Distribution,Uniform Update,Sequential,6.0,Medium (100K - 1M records),Standard,Default,"1 Lookup(s), 142 Related Task(s)",Yes,No,No,Enabled,Single Thread,Evaluate parallel processing; Review for decomposition; Optimize filter pushdown
Tf_Soft_Delete_Records,mt_INSTITUTION_ATTENDED_soft_delete,e7Qpl9e96gLeU0HjCufPqL,Explore/ERP Hub/SoftDelete,Complex,INSTITUTION_ATTENDED,7GJWeSZ3GgRjnalVEKpdg4,INSTITUTION_ATTENDED: INSTITUTION_ATTENDED.IS_DELETED IS NULL,1,"INSTITUTION_ATTENDED(Update), INSTITUTION_ATTENDED(Update)","7GJWeSZ3GgRjnalVEKpdg4, j7wVfWT172slzuVgNfk3ga",,2,INSTITUTIONS_ATTEND(Cached),5P29vuYLDHVfpnOFeoObk3,Cached,1,One-to-Many Distribution,Uniform Update,Sequential,6.0,Medium (100K - 1M records),Standard,Default,"1 Lookup(s), 142 Related Task(s)",Yes,No,No,Enabled,Single Thread,Evaluate parallel processing; Review for decomposition; Optimize filter pushdown
Tf_Soft_Delete_Records,mt_INSTITUTION_soft_delete,5eDPAdCcLGHbpFRZ0eHVYj,Explore/ERP Hub/SoftDelete,Complex,INSTITUTION,7GJWeSZ3GgRjnalVEKpdg4,INSTITUTION: INSTITUTION.IS_DELETED IS NULL,1,"INSTITUTION(Update), INSTITUTION(Update)","7GJWeSZ3GgRjnalVEKpdg4, j7wVfWT172slzuVgNfk3ga",,2,INSTITUTIONS(Cached),5P29vuYLDHVfpnOFeoObk3,Cached,1,One-to-Many Distribution,Uniform Update,Sequential,6.0,Medium (100K - 1M records),Standard,Default,"1 Lookup(s), 142 Related Task(s)",Yes,No,No,Enabled,Single Thread,Evaluate parallel processing; Review for decomposition; Optimize filter pushdown
Tf_Soft_Delete_Records,mt_INSTRUCTIONAL_METHOD_soft_delete,2rxBlP0Rt2bd7wbB8LItU2,Explore/ERP Hub/SoftDelete,Complex,INSTRUCTIONAL_METHOD,7GJWeSZ3GgRjnalVEKpdg4,INSTRUCTIONAL_METHOD: INSTRUCTIONAL_METHOD.IS_DELETED IS NULL,1,"INSTRUCTIONAL_METHOD(Update), INSTRUCTIONAL_METHOD(Update)","7GJWeSZ3GgRjnalVEKpdg4, j7wVfWT172slzuVgNfk3ga",,2,INSTR_METHODS(Cached),5P29vuYLDHVfpnOFeoObk3,Cached,1,One-to-Many Distribution,Uniform Update,Sequential,6.0,Medium (100K - 1M records),Standard,Default,"1 Lookup(s), 142 Related Task(s)",Yes,No,No,Enabled,Single Thread,Evaluate parallel processing; Review for decomposition; Optimize filter pushdown
Tf_Soft_Delete_Records,mt_LOCATION_soft_delete,hi7VuJZaiKTgFLuo3OJ06w,Explore/ERP Hub/SoftDelete,Complex,LOCATION,7GJWeSZ3GgRjnalVEKpdg4,LOCATION: LOCATION.IS_DELETED IS NULL,1,"LOCATION(Update), LOCATION(Update)","7GJWeSZ3GgRjnalVEKpdg4, j7wVfWT172slzuVgNfk3ga",,2,LOCATIONS(Cached),5P29vuYLDHVfpnOFeoObk3,Cached,1,One-to-Many Distribution,Uniform Update,Sequential,6.0,Medium (100K - 1M records),Standard,Default,"1 Lookup(s), 142 Related Task(s)",Yes,No,No,Enabled,Single Thread,Evaluate parallel processing; Review for decomposition; Optimize filter pushdown
Tf_Soft_Delete_Records,mt_MAJOR_soft_delete,3CSU97oDpFQiK9OfJXAPsY,Explore/ERP Hub/SoftDelete,Complex,MAJOR,7GJWeSZ3GgRjnalVEKpdg4,MAJOR: MAJOR.IS_DELETED IS NULL,1,"MAJOR(Update), MAJOR(Update)","7GJWeSZ3GgRjnalVEKpdg4, j7wVfWT172slzuVgNfk3ga",,2,MAJORS(Cached),5P29vuYLDHVfpnOFeoObk3,Cached,1,One-to-Many Distribution,Uniform Update,Sequential,6.0,Medium (100K - 1M records),Standard,Default,"1 Lookup(s), 142 Related Task(s)",Yes,No,No,Enabled,Single Thread,Evaluate parallel processing; Review for decomposition; Optimize filter pushdown
Tf_Soft_Delete_Records,mt_NON_COURSES_soft_delete,4qgLJ3fWIhCeRylqgbGxiF,Explore/ERP Hub/SoftDelete,Complex,NON_COURSES,7GJWeSZ3GgRjnalVEKpdg4,NON_COURSES: NON_COURSES.IS_DELETED is null,1,"NON_COURSES(Update), NON_COURSES(Update)","7GJWeSZ3GgRjnalVEKpdg4, j7wVfWT172slzuVgNfk3ga",,2,NON_COURSES(Cached),5P29vuYLDHVfpnOFeoObk3,Cached,1,One-to-Many Distribution,Uniform Update,Sequential,6.0,Medium (100K - 1M records),Custom Error Handling,Commit Type: Target,"1 Lookup(s), 142 Related Task(s)",Yes,No,No,Enabled,Single Thread,Evaluate parallel processing; Review for decomposition; Optimize filter pushdown
Tf_Soft_Delete_Records,mt_OTHER_DEGREE_soft_delete,6xORKJWX4xWkX4ljqcBLIS,Explore/ERP Hub/SoftDelete,Complex,OTHER_DEGREE,7GJWeSZ3GgRjnalVEKpdg4,OTHER_DEGREE: OTHER_DEGREE.IS_DELETED is null,1,"OTHER_DEGREE(Update), OTHER_DEGREE(Update)","7GJWeSZ3GgRjnalVEKpdg4, j7wVfWT172slzuVgNfk3ga",,2,OTHER_DEGREES(Cached),5P29vuYLDHVfpnOFeoObk3,Cached,1,One-to-Many Distribution,Uniform Update,Sequential,6.0,Medium (100K - 1M records),Custom Error Handling,Commit Type: Target,"1 Lookup(s), 142 Related Task(s)",Yes,No,No,Enabled,Single Thread,Evaluate parallel processing; Review for decomposition; Optimize filter pushdown
Tf_Soft_Delete_Records,mt_PERSON_ALT_soft_delete,6SPpoJTXMOMgk8LN2nSdWv,Explore/ERP Hub/SoftDelete,Complex,PERSON_ALT,7GJWeSZ3GgRjnalVEKpdg4,PERSON_ALT: PERSON_ALT.IS_DELETED IS NULL,1,"PERSON_ALT(Update), PERSON_ALT(Update)","7GJWeSZ3GgRjnalVEKpdg4, j7wVfWT172slzuVgNfk3ga",,2,PERSON_PERSON_ALT(Cached),5P29vuYLDHVfpnOFeoObk3,Cached,1,One-to-Many Distribution,Uniform Update,Sequential,6.0,Medium (100K - 1M records),Custom Error Handling,Commit Type: Target,"1 Lookup(s), 142 Related Task(s)",Yes,No,No,Enabled,Single Thread,Evaluate parallel processing; Review for decomposition; Optimize filter pushdown
Tf_Soft_Delete_Records,mt_PERSON_DISABILITIES_soft_delete,aby6tGv9K08b2FoEYefJgk,Explore/ERP Hub/SoftDelete,Complex,PERSON_DISABILITIES,7GJWeSZ3GgRjnalVEKpdg4,PERSON_DISABILITIES: PERSON_DISABILITIES.IS_DELETED is null,1,"PERSON_DISABILITIES(Update), PERSON_DISABILITIES(Update)","7GJWeSZ3GgRjnalVEKpdg4, j7wVfWT172slzuVgNfk3ga",,2,PERSON_HEALTH_PHL_DISABILITIES(Cached),5P29vuYLDHVfpnOFeoObk3,Cached,1,One-to-Many Distribution,Uniform Update,Sequential,6.0,Medium (100K - 1M records),Standard,Default,"1 Lookup(s), 142 Related Task(s)",Yes,No,No,Not Detected,Single Thread,Evaluate parallel processing; Review for decomposition; Optimize filter pushdown
Tf_Soft_Delete_Records,mt_PERSON_HISTORY_LOG_soft_delete,cM7j8Y4sooSjCZOjKMeVIK,Explore/ERP Hub/SoftDelete,Complex,PERSON_HISTORY_LOG,7GJWeSZ3GgRjnalVEKpdg4,PERSON_HISTORY_LOG: PERSON_HISTORY_LOG.IS_DELETED is null,1,"PERSON_HISTORY_LOG(Update), PERSON_HISTORY_LOG(Update)","7GJWeSZ3GgRjnalVEKpdg4, j7wVfWT172slzuVgNfk3ga",,2,PERSON_HIST_LOG(Cached),5P29vuYLDHVfpnOFeoObk3,Cached,1,One-to-Many Distribution,Uniform Update,Sequential,6.0,Medium (100K - 1M records),Standard,Default,"1 Lookup(s), 142 Related Task(s)",Yes,No,No,Not Detected,Single Thread,Evaluate parallel processing; Review for decomposition; Optimize filter pushdown
Tf_Soft_Delete_Records,mt_PERSON_HISTORY_soft_delete,2LdOnyYEz7ncQyxXapfBop,Explore/ERP Hub/SoftDelete,Complex,PERSON_HISTORY,7GJWeSZ3GgRjnalVEKpdg4,PERSON_HISTORY: PERSON_HISTORY.IS_DELETED is null,1,"PERSON_HISTORY(Update), PERSON_HISTORY(Update)","7GJWeSZ3GgRjnalVEKpdg4, j7wVfWT172slzuVgNfk3ga",,2,PERSON_HIST(Cached),5P29vuYLDHVfpnOFeoObk3,Cached,1,One-to-Many Distribution,Uniform Update,Sequential,6.0,Medium (100K - 1M records),Standard,Default,"1 Lookup(s), 142 Related Task(s)",Yes,No,No,Not Detected,Single Thread,Evaluate parallel processing; Review for decomposition; Optimize filter pushdown
Tf_Soft_Delete_Records,mt_PERSON_INSTITUTION_ATTENDED_soft_delete,5QDIxN4pPArkII4V81plQj,Explore/ERP Hub/SoftDelete,Complex,PERSON_INSTITUTION_ATTENDED,7GJWeSZ3GgRjnalVEKpdg4,None,1,"PERSON_INSTITUTION_ATTENDED(Update), PERSON_INSTITUTION_ATTENDED(Update)","7GJWeSZ3GgRjnalVEKpdg4, j7wVfWT172slzuVgNfk3ga",,2,PERSON_PERSON_INSTITUTIONS_ATTEND(Cached),5P29vuYLDHVfpnOFeoObk3,Cached,1,One-to-Many Distribution,Uniform Update,Sequential,6.0,Medium (100K - 1M records),Custom Error Handling,Commit Type: Target,"1 Lookup(s), 142 Related Task(s)",Yes,No,No,Enabled,Single Thread,Evaluate parallel processing; Review for decomposition
Tf_Soft_Delete_Records,mt_PERSON_NAMEHIST_soft_delete,heTJ78OPbOBg7vYfDfC8oO,Explore/ERP Hub/SoftDelete,Complex,PERSON_NAMEHIST,7GJWeSZ3GgRjnalVEKpdg4,PERSON_NAMEHIST: PERSON_NAMEHIST.IS_DELETED IS NULL,1,"PERSON_NAMEHIST(Update), PERSON_NAMEHIST(Update)","7GJWeSZ3GgRjnalVEKpdg4, j7wVfWT172slzuVgNfk3ga",,2,PERSON_NAMEHIST(Cached),5P29vuYLDHVfpnOFeoObk3,Cached,1,One-to-Many Distribution,Uniform Update,Sequential,6.0,Medium (100K - 1M records),Standard,Default,"1 Lookup(s), 142 Related Task(s)",Yes,No,No,Enabled,Single Thread,Evaluate parallel processing; Review for decomposition; Optimize filter pushdown
Tf_Soft_Delete_Records,mt_PERSON_PARENTING_ANSWERS_soft_delete,1RUupplLA73gR0vlImAYIq,Explore/ERP Hub/SoftDelete,Complex,PERSON_PARENTING_ANSWERS,7GJWeSZ3GgRjnalVEKpdg4,"PERSON_PARENTING_ANSWERS: ""PERSON_PARENTING_ANSWERS"".""IS_DELETED"" is null",1,"PERSON_PARENTING_ANSWERS(Update), PERSON_PARENTING_ANSWERS(Update)","7GJWeSZ3GgRjnalVEKpdg4, j7wVfWT172slzuVgNfk3ga",,2,A70_PERSON_A70_PER_PARENTING_ANSWERS(Cached),5P29vuYLDHVfpnOFeoObk3,Cached,1,One-to-Many Distribution,Uniform Update,Sequential,6.0,Medium (100K - 1M records),Custom Error Handling,Commit Type: Target,"1 Lookup(s), 142 Related Task(s)",Yes,No,No,Enabled,Single Thread,Evaluate parallel processing; Review for decomposition; Optimize filter pushdown
Tf_Soft_Delete_Records,mt_PERSON_PARENTING_QUESTIONS_soft_delete,iyJXpZpA52uiGXYCC5GKgk,Explore/ERP Hub/SoftDelete,Complex,PERSON_PARENTING_QUESTIONS,7GJWeSZ3GgRjnalVEKpdg4,None,1,"PERSON_PARENTING_QUESTIONS(Update), PERSON_PARENTING_QUESTIONS(Update)","7GJWeSZ3GgRjnalVEKpdg4, j7wVfWT172slzuVgNfk3ga",,2,A70_PERSON_A70_PER_PARENTING_QUESTIONS(Cached),5P29vuYLDHVfpnOFeoObk3,Cached,1,One-to-Many Distribution,Uniform Update,Sequential,6.0,Medium (100K - 1M records),Custom Error Handling,Commit Type: Target,"1 Lookup(s), 142 Related Task(s)",Yes,No,No,Enabled,Single Thread,Evaluate parallel processing; Review for decomposition
Tf_Soft_Delete_Records,mt_PERSON_PEOPLE_EMAIL_soft_delete,7mJgQHbs4mUkmeK4Ia9Biw,Explore/ERP Hub/SoftDelete,Complex,PERSON_PEOPLE_EMAIL,7GJWeSZ3GgRjnalVEKpdg4,PERSON_PEOPLE_EMAIL: PERSON_PEOPLE_EMAIL.IS_DELETED is null,1,"PERSON_PEOPLE_EMAIL(Update), PERSON_PEOPLE_EMAIL(Update)","7GJWeSZ3GgRjnalVEKpdg4, j7wVfWT172slzuVgNfk3ga",,2,PERSON_PEOPLE_EMAIL(Cached),5P29vuYLDHVfpnOFeoObk3,Cached,1,One-to-Many Distribution,Uniform Update,Sequential,6.0,Medium (100K - 1M records),Standard,Default,"1 Lookup(s), 142 Related Task(s)",Yes,No,No,Not Detected,Single Thread,Evaluate parallel processing; Review for decomposition; Optimize filter pushdown
Tf_Soft_Delete_Records,mt_PERSON_PERPHONE_soft_delete,0xTAjFn5dJfk1ZcUtfyVcG,Explore/ERP Hub/SoftDelete,Complex,PERSON_PERPHONE,7GJWeSZ3GgRjnalVEKpdg4,PERSON_PERPHONE: PERSON_PERPHONE.IS_DELETED IS NULL,1,"PERSON_PERPHONE(Update), PERSON_PERPHONE(Update)","7GJWeSZ3GgRjnalVEKpdg4, j7wVfWT172slzuVgNfk3ga",,2,PERSON_PERPHONE(Cached),5P29vuYLDHVfpnOFeoObk3,Cached,1,One-to-Many Distribution,Uniform Update,Sequential,6.0,Medium (100K - 1M records),Standard,Default,"1 Lookup(s), 142 Related Task(s)",Yes,No,No,Enabled,Single Thread,Evaluate parallel processing; Review for decomposition; Optimize filter pushdown
Tf_Soft_Delete_Records,mt_PERSON_POSITION_WAGE_ITEM_soft_delete,0Vism6I2wPtiKTgmtQykk6,Explore/ERP Hub/SoftDelete,Complex,PERSON_POSITION_WAGE_ITEM,7GJWeSZ3GgRjnalVEKpdg4,PERSON_POSITION_WAGE_ITEM: PERSON_POSITION_WAGE_ITEM.IS_DELETED is null,1,"PERSON_POSITION_WAGE_ITEM(Update), PERSON_POSITION_WAGE_ITEM(Update)","7GJWeSZ3GgRjnalVEKpdg4, j7wVfWT172slzuVgNfk3ga",,2,PERPOSWG_PPWITEMS(Cached),5P29vuYLDHVfpnOFeoObk3,Cached,1,One-to-Many Distribution,Uniform Update,Sequential,6.0,Medium (100K - 1M records),Standard,Default,"1 Lookup(s), 142 Related Task(s)",Yes,No,No,Not Detected,Single Thread,Evaluate parallel processing; Review for decomposition; Optimize filter pushdown
Tf_Soft_Delete_Records,mt_PERSON_POSITION_WAGE_soft_delete,4fMdateYHM3jXsSPb6ipsB,Explore/ERP Hub/SoftDelete,Complex,PERSON_POSITION_WAGE,7GJWeSZ3GgRjnalVEKpdg4,PERSON_POSITION_WAGE: PERSON_POSITION_WAGE.IS_DELETED is null,1,"PERSON_POSITION_WAGE(Delete), PERSON_POSITION_WAGE(Delete)","7GJWeSZ3GgRjnalVEKpdg4, j7wVfWT172slzuVgNfk3ga",,2,PERPOSWG(Cached),5P29vuYLDHVfpnOFeoObk3,Cached,1,One-to-Many Distribution,Uniform Delete,Sequential,6.0,Medium (100K - 1M records),Standard,Default,"1 Lookup(s), 142 Related Task(s)",Yes,No,No,Not Detected,Single Thread,Evaluate parallel processing; Review for decomposition; Optimize filter pushdown
Tf_Soft_Delete_Records,mt_PERSON_POSITION_soft_delete,9iTl62atSWGiItqcOHshyb,Explore/ERP Hub/SoftDelete,Complex,PERSON_POSITION,7GJWeSZ3GgRjnalVEKpdg4,PERSON_POSITION: PERSON_POSITION.IS_DELETED is null,1,"PERSON_POSITION(Update), PERSON_POSITION(Update)","7GJWeSZ3GgRjnalVEKpdg4, j7wVfWT172slzuVgNfk3ga",,2,PERPOS(Cached),5P29vuYLDHVfpnOFeoObk3,Cached,1,One-to-Many Distribution,Uniform Update,Sequential,6.0,Medium (100K - 1M records),Standard,Default,"1 Lookup(s), 142 Related Task(s)",Yes,No,No,Not Detected,Single Thread,Evaluate parallel processing; Review for decomposition; Optimize filter pushdown
Tf_Soft_Delete_Records,mt_PERSON_PSEASON_soft_delete,02xgQ0xeh6AeqborEYXWo6,Explore/ERP Hub/SoftDelete,Complex,PERSON_PSEASON,7GJWeSZ3GgRjnalVEKpdg4,PERSON_PSEASON: PERSON_PSEASON.IS_DELETED is null,1,"PERSON_PSEASON(Update), PERSON_PSEASON(Update)","7GJWeSZ3GgRjnalVEKpdg4, j7wVfWT172slzuVgNfk3ga",,2,PERSON_PSEASON(Cached),5P29vuYLDHVfpnOFeoObk3,Cached,1,One-to-Many Distribution,Uniform Update,Sequential,6.0,Medium (100K - 1M records),Standard,Default,"1 Lookup(s), 142 Related Task(s)",Yes,No,No,Not Detected,Single Thread,Evaluate parallel processing; Review for decomposition; Optimize filter pushdown
Tf_Soft_Delete_Records,mt_PERSON_RACE_soft_delete,3bTOEEBbroPeUQ1wABjwAa,Explore/ERP Hub/SoftDelete,Complex,PERSON_RACE,7GJWeSZ3GgRjnalVEKpdg4,PERSON_RACE: PERSON_RACE.IS_DELETED is null,1,"PERSON_RACE(Update), PERSON_RACE(Update)","7GJWeSZ3GgRjnalVEKpdg4, j7wVfWT172slzuVgNfk3ga",,2,PERSON_PER_RACES(Cached),5P29vuYLDHVfpnOFeoObk3,Cached,1,One-to-Many Distribution,Uniform Update,Sequential,6.0,Medium (100K - 1M records),Standard,Default,"1 Lookup(s), 142 Related Task(s)",Yes,No,No,Not Detected,Single Thread,Evaluate parallel processing; Review for decomposition; Optimize filter pushdown
Tf_Soft_Delete_Records,mt_PERSON_SPONSORSHIP_soft_delete,eysxeD2zeYKci9zDfD1cgC,Explore/ERP Hub/SoftDelete,Complex,dbo.dbo/PERSON_SPONSORSHIP,7GJWeSZ3GgRjnalVEKpdg4,"dbo/PERSON_SPONSORSHIP: ""PERSON_SPONSORSHIP"".""IS_DELETED"" is null",1,"erp/PERSON_SPONSORSHIP(Upsert), dbo/PERSON_SPONSORSHIP(Upsert)","7GJWeSZ3GgRjnalVEKpdg4, j7wVfWT172slzuVgNfk3ga","dbo, erp",2,data/PERSON_SPONSORSHIPS(Cached),5P29vuYLDHVfpnOFeoObk3,Cached,1,One-to-Many Distribution,Uniform Upsert,Sequential,6.0,High (1M - 10M records),Standard,Commit Type: Target,"1 Lookup(s), 142 Related Task(s)",Yes,No,No,Enabled,Single Thread,Evaluate parallel processing; Review for decomposition; Optimize filter pushdown
Tf_Soft_Delete_Records,mt_PERSON_ST_EDUCATION_GOAL_soft_delete,56q5r2dSf2AiVfIhr1qAIj,Explore/ERP Hub/SoftDelete,Complex,PERSON_ST_EDUCATION_GOAL,7GJWeSZ3GgRjnalVEKpdg4,PERSON_ST_EDUCATION_GOAL: PERSON_ST_EDUCATION_GOAL.IS_DELETED IS NULL,1,"PERSON_ST_EDUCATION_GOAL(Update), PERSON_ST_EDUCATION_GOAL(Update)","7GJWeSZ3GgRjnalVEKpdg4, j7wVfWT172slzuVgNfk3ga",,2,PERSON_ST_EDUC_GOALS(Cached),5P29vuYLDHVfpnOFeoObk3,Cached,1,One-to-Many Distribution,Uniform Update,Sequential,6.0,Medium (100K - 1M records),Custom Error Handling,Commit Type: Target,"1 Lookup(s), 142 Related Task(s)",Yes,No,No,Enabled,Single Thread,Evaluate parallel processing; Review for decomposition; Optimize filter pushdown
Tf_Soft_Delete_Records,mt_PERSON_VETERAN_ASSOCIATION_soft_delete,4xwbKOvwj43deW0qL5UGgI,Explore/ERP Hub/SoftDelete,Complex,PERSON_VETERAN_ASSOCIATION,7GJWeSZ3GgRjnalVEKpdg4,PERSON_VETERAN_ASSOCIATION: PERSON_VETERAN_ASSOCIATION.IS_DELETED IS NULL,1,"PERSON_VETERAN_ASSOCIATION(Update), PERSON_VETERAN_ASSOCIATION(Update)","7GJWeSZ3GgRjnalVEKpdg4, j7wVfWT172slzuVgNfk3ga",,2,PERSON_VETERAN_ASSOC(Cached),5P29vuYLDHVfpnOFeoObk3,Cached,1,One-to-Many Distribution,Uniform Update,Sequential,6.0,Medium (100K - 1M records),Standard,Default,"1 Lookup(s), 142 Related Task(s)",Yes,No,No,Enabled,Single Thread,Evaluate parallel processing; Review for decomposition; Optimize filter pushdown
Tf_Soft_Delete_Records,mt_PERSON_soft_delete,eXJ6hxyQKw7c3ZWl9GJdyB,Explore/ERP Hub/SoftDelete,Complex,PERSON,7GJWeSZ3GgRjnalVEKpdg4,PERSON: PERSON.IS_DELETED is null,1,"PERSON(Update), PERSON(Update)","7GJWeSZ3GgRjnalVEKpdg4, j7wVfWT172slzuVgNfk3ga",,2,PERSON(Cached),5P29vuYLDHVfpnOFeoObk3,Cached,1,One-to-Many Distribution,Uniform Update,Sequential,6.0,Medium (100K - 1M records),Standard,Default,"1 Lookup(s), 142 Related Task(s)",Yes,No,No,Not Detected,Single Thread,Evaluate parallel processing; Review for decomposition; Optimize filter pushdown
Tf_Soft_Delete_Records,mt_POSITION_soft_delete,hgHCa79d7epl5xr7uiADgI,Explore/ERP Hub/SoftDelete,Complex,POSITION,7GJWeSZ3GgRjnalVEKpdg4,POSITION: POSITION.IS_DELETED IS NULL,1,"POSITION(Update), POSITION(Update)","7GJWeSZ3GgRjnalVEKpdg4, j7wVfWT172slzuVgNfk3ga",,2,POSITION(Cached),5P29vuYLDHVfpnOFeoObk3,Cached,1,One-to-Many Distribution,Uniform Update,Sequential,6.0,Medium (100K - 1M records),Standard,Default,"1 Lookup(s), 142 Related Task(s)",Yes,No,No,Enabled,Single Thread,Evaluate parallel processing; Review for decomposition; Optimize filter pushdown
Tf_Soft_Delete_Records,mt_REG_BILLING_RATE_soft_delete,8JdXrBf9fmcfXbTQEbgEUq,Explore/ERP Hub/SoftDelete,Complex,REG_BILLING_RATE,7GJWeSZ3GgRjnalVEKpdg4,REG_BILLING_RATE: REG_BILLING_RATE.IS_DELETED IS NULL,1,"REG_BILLING_RATE(Update), REG_BILLING_RATE(Update)","7GJWeSZ3GgRjnalVEKpdg4, j7wVfWT172slzuVgNfk3ga",,2,REG_BILLING_RATES(Cached),5P29vuYLDHVfpnOFeoObk3,Cached,1,One-to-Many Distribution,Uniform Update,Sequential,6.0,Medium (100K - 1M records),Standard,Default,"1 Lookup(s), 142 Related Task(s)",Yes,No,No,Enabled,Single Thread,Evaluate parallel processing; Review for decomposition; Optimize filter pushdown
Tf_Soft_Delete_Records,mt_SAP_APPEAL_soft_delete,03GS0WjiiM6hndJuXuPc4z,Explore/ERP Hub/SoftDelete,Complex,SAP_APPEAL,7GJWeSZ3GgRjnalVEKpdg4,SAP_APPEAL: SAP_APPEAL.IS_DELETED is null,1,"SAP_APPEAL(Update), SAP_APPEAL(Update)","7GJWeSZ3GgRjnalVEKpdg4, j7wVfWT172slzuVgNfk3ga",,2,SAP_APPEALS(Cached),5P29vuYLDHVfpnOFeoObk3,Cached,1,One-to-Many Distribution,Uniform Update,Sequential,6.0,Medium (100K - 1M records),Standard,Default,"1 Lookup(s), 142 Related Task(s)",Yes,No,No,Not Detected,Single Thread,Evaluate parallel processing; Review for decomposition; Optimize filter pushdown
Tf_Soft_Delete_Records,mt_SAP_RESULT_soft_delete,8GxJMw4nmuZhzRK92uFC4L,Explore/ERP Hub/SoftDelete,Complex,SAP_RESULT,7GJWeSZ3GgRjnalVEKpdg4,SAP_RESULT: SAP_RESULT.IS_DELETED is null,1,"SAP_RESULT(Update), SAP_RESULT(Update)","7GJWeSZ3GgRjnalVEKpdg4, j7wVfWT172slzuVgNfk3ga",,2,SAP_RESULTS(Cached),5P29vuYLDHVfpnOFeoObk3,Cached,1,One-to-Many Distribution,Uniform Update,Sequential,6.0,Medium (100K - 1M records),Standard,Default,"1 Lookup(s), 142 Related Task(s)",Yes,No,No,Not Detected,Single Thread,Evaluate parallel processing; Review for decomposition; Optimize filter pushdown
Tf_Soft_Delete_Records,mt_SA_ACYR_AWARD_LIST_soft_delete,igTR4pW24IweaHNl0DwZmI,Explore/ERP Hub/SoftDelete,Moderate,SA_ACYR_AWARD_LIST,7GJWeSZ3GgRjnalVEKpdg4,SA_ACYR_AWARD_LIST: SA_ACYR_AWARD_LIST.IS_DELETED IS NULL,1,"SA_ACYR_AWARD_LIST(Update), SA_ACYR_AWARD_LIST(Update)","7GJWeSZ3GgRjnalVEKpdg4, j7wVfWT172slzuVgNfk3ga",,2,,,,0,One-to-Many Distribution,Uniform Update,Sequential,6.0,Medium (100K - 1M records),Standard,Default,142 Related Task(s),Yes,No,No,Enabled,Single Thread,Evaluate parallel processing; Optimize filter pushdown
Tf_Soft_Delete_Records,mt_SA_ACYR_soft_delete,1kWbGz8UUuQgVbrmsG96uk,Explore/ERP Hub/SoftDelete,Moderate,SA_ACYR,7GJWeSZ3GgRjnalVEKpdg4,SA_ACYR: SA_ACYR.IS_DELETED is null,1,"SA_ACYR(Update), SA_ACYR(Update)","7GJWeSZ3GgRjnalVEKpdg4, j7wVfWT172slzuVgNfk3ga",,2,,,,0,One-to-Many Distribution,Uniform Update,Sequential,6.0,Medium (100K - 1M records),Custom Error Handling,Commit Type: Target,142 Related Task(s),Yes,No,No,Enabled,Single Thread,Evaluate parallel processing; Optimize filter pushdown
Tf_Soft_Delete_Records,mt_SCHOOL_DIVISION_soft_delete,34etx0tuhGmjjLjzahIiMu,Explore/ERP Hub/SoftDelete,Complex,SCHOOL_DIVISION,7GJWeSZ3GgRjnalVEKpdg4,SCHOOL_DIVISION: SCHOOL_DIVISION.IS_DELETED IS NULL,1,"SCHOOL_DIVISION(Update), SCHOOL_DIVISION(Update)","7GJWeSZ3GgRjnalVEKpdg4, j7wVfWT172slzuVgNfk3ga",,2,SCHOOLS_SCHOOLS_DIVISIONS(Cached),5P29vuYLDHVfpnOFeoObk3,Cached,1,One-to-Many Distribution,Uniform Update,Sequential,6.0,Medium (100K - 1M records),Standard,Default,"1 Lookup(s), 142 Related Task(s)",Yes,No,No,Enabled,Single Thread,Evaluate parallel processing; Review for decomposition; Optimize filter pushdown
Tf_Soft_Delete_Records,mt_SCHOOL_soft_delete,80RLO9RL8YNjrltsdJbLI4,Explore/ERP Hub/SoftDelete,Complex,SCHOOL,7GJWeSZ3GgRjnalVEKpdg4,SCHOOL: SCHOOL.IS_DELETED is null,1,"SCHOOL(Update), SCHOOL(Update)","7GJWeSZ3GgRjnalVEKpdg4, j7wVfWT172slzuVgNfk3ga",,2,SCHOOLS(Cached),5P29vuYLDHVfpnOFeoObk3,Cached,1,One-to-Many Distribution,Uniform Update,Sequential,6.0,Medium (100K - 1M records),Standard,Default,"1 Lookup(s), 142 Related Task(s)",Yes,No,No,Not Detected,Single Thread,Evaluate parallel processing; Review for decomposition; Optimize filter pushdown
Tf_Soft_Delete_Records,mt_SL_ACYR_soft_delete,lNWk30nwKubiCHP9bOWGwX,Explore/ERP Hub/SoftDelete,Moderate,SL_ACYR,7GJWeSZ3GgRjnalVEKpdg4,SL_ACYR: SL_ACYR.IS_DELETED IS NULL,1,"SL_ACYR(Update), SL_ACYR(Update)","7GJWeSZ3GgRjnalVEKpdg4, j7wVfWT172slzuVgNfk3ga",,2,,,,0,One-to-Many Distribution,Uniform Update,Sequential,6.0,Medium (100K - 1M records),Standard,Default,142 Related Task(s),Yes,No,No,Enabled,Single Thread,Evaluate parallel processing; Optimize filter pushdown
Tf_Soft_Delete_Records,mt_SPONSORED_PERSON_TERM_soft_delete,2uFGiUkAkI5kIqKpAqGDWw,Explore/ERP Hub/SoftDelete,Complex,dbo.dbo/SPONSORED_PERSON_TERM,7GJWeSZ3GgRjnalVEKpdg4,"dbo/SPONSORED_PERSON_TERM: ""SPONSORED_PERSON_TERM"".""IS_DELETED"" is null",1,"erp/SPONSORED_PERSON_TERM(Update), dbo/SPONSORED_PERSON_TERM(Update)","7GJWeSZ3GgRjnalVEKpdg4, j7wVfWT172slzuVgNfk3ga","dbo, erp",2,data/SPONSORED_PERSON_SPNP_TERMS(Cached),5P29vuYLDHVfpnOFeoObk3,Cached,1,One-to-Many Distribution,Uniform Update,Sequential,6.0,Medium (100K - 1M records),Custom Error Handling,Commit Type: Target,"1 Lookup(s), 142 Related Task(s)",Yes,No,No,Enabled,Single Thread,Evaluate parallel processing; Review for decomposition; Optimize filter pushdown
Tf_Soft_Delete_Records,mt_STUDENT_ACADEMIC_CREDIT_STATUS_soft_delete,agKdikbHbQWc1i0CW0HS8k,Explore/ERP Hub/SoftDelete,Complex,STUDENT_ACADEMIC_CREDIT_STATUS,7GJWeSZ3GgRjnalVEKpdg4,STUDENT_ACADEMIC_CREDIT_STATUS: STUDENT_ACADEMIC_CREDIT_STATUS.IS_DELETED is null,1,"STUDENT_ACADEMIC_CREDIT_STATUS(Update), STUDENT_ACADEMIC_CREDIT_STATUS(Update)","7GJWeSZ3GgRjnalVEKpdg4, j7wVfWT172slzuVgNfk3ga",,2,STUDENT_ACAD_CRED_STC_STATUSES(Cached),5P29vuYLDHVfpnOFeoObk3,Cached,1,One-to-Many Distribution,Uniform Update,Sequential,6.0,Medium (100K - 1M records),Standard,Default,"1 Lookup(s), 142 Related Task(s)",Yes,No,No,Not Detected,Single Thread,Evaluate parallel processing; Review for decomposition; Optimize filter pushdown
Tf_Soft_Delete_Records,mt_STUDENT_ACADEMIC_CREDIT_soft_delete,ddhIYSZ2gGyiIDfIPFYiSK,Explore/ERP Hub/SoftDelete,Complex,STUDENT_ACADEMIC_CREDIT,7GJWeSZ3GgRjnalVEKpdg4,STUDENT_ACADEMIC_CREDIT: STUDENT_ACADEMIC_CREDIT.IS_DELETED is null,1,"STUDENT_ACADEMIC_CREDIT(Update), STUDENT_ACADEMIC_CREDIT(Update)","7GJWeSZ3GgRjnalVEKpdg4, j7wVfWT172slzuVgNfk3ga",,2,STUDENT_ACAD_CRED(Cached),5P29vuYLDHVfpnOFeoObk3,Cached,1,One-to-Many Distribution,Uniform Update,Sequential,6.0,Medium (100K - 1M records),Standard,Default,"1 Lookup(s), 142 Related Task(s)",Yes,No,No,Not Detected,Single Thread,Evaluate parallel processing; Review for decomposition; Optimize filter pushdown
Tf_Soft_Delete_Records,mt_STUDENT_ADVISEMENT_soft_delete,aiWo4m93h8HjUkYGhE4VkD,Explore/ERP Hub/SoftDelete,Complex,STUDENT_ADVISEMENT,7GJWeSZ3GgRjnalVEKpdg4,STUDENT_ADVISEMENT: STUDENT_ADVISEMENT.IS_DELETED is null,1,"STUDENT_ADVISEMENT(Update), STUDENT_ADVISEMENT(Update)","7GJWeSZ3GgRjnalVEKpdg4, j7wVfWT172slzuVgNfk3ga",,2,STUDENT_ADVISEMENT(Cached),5P29vuYLDHVfpnOFeoObk3,Cached,1,One-to-Many Distribution,Uniform Update,Sequential,6.0,Medium (100K - 1M records),Standard,Default,"1 Lookup(s), 142 Related Task(s)",Yes,No,No,Not Detected,Single Thread,Evaluate parallel processing; Review for decomposition; Optimize filter pushdown
Tf_Soft_Delete_Records,mt_STUDENT_COURSE_SECTION_soft_delete,aG42C9ezqYYlM1g4UAMIID,Explore/ERP Hub/SoftDelete,Complex,STUDENT_COURSE_SECTION,7GJWeSZ3GgRjnalVEKpdg4,STUDENT_COURSE_SECTION: STUDENT_COURSE_SECTION.IS_DELETED is null,1,"STUDENT_COURSE_SECTION(Update), STUDENT_COURSE_SECTION(Update)","7GJWeSZ3GgRjnalVEKpdg4, j7wVfWT172slzuVgNfk3ga",,2,STUDENT_COURSE_SEC(Cached),5P29vuYLDHVfpnOFeoObk3,Cached,1,One-to-Many Distribution,Uniform Update,Sequential,6.0,Medium (100K - 1M records),Standard,Default,"1 Lookup(s), 142 Related Task(s)",Yes,No,No,Not Detected,Single Thread,Evaluate parallel processing; Review for decomposition; Optimize filter pushdown
Tf_Soft_Delete_Records,mt_STUDENT_MILITARY_VETERAN_soft_delete,1TxJbI3F5Hdf4M1TU0zRA7,Explore/ERP Hub/SoftDelete,Complex,STUDENT_MILITARY_VETERAN,7GJWeSZ3GgRjnalVEKpdg4,STUDENT_MILITARY_VETERAN: STUDENT_MILITARY_VETERAN.IS_DELETED is null,1,"STUDENT_MILITARY_VETERAN(Update), STUDENT_MILITARY_VETERAN(Update)","7GJWeSZ3GgRjnalVEKpdg4, j7wVfWT172slzuVgNfk3ga",,2,STU_MILITARY_VETERAN_STUDENT_VET_BENEFITS(Cached),5P29vuYLDHVfpnOFeoObk3,Cached,1,One-to-Many Distribution,Uniform Update,Sequential,6.0,Medium (100K - 1M records),Standard,Default,"1 Lookup(s), 142 Related Task(s)",Yes,No,No,Not Detected,Single Thread,Evaluate parallel processing; Review for decomposition; Optimize filter pushdown
Tf_Soft_Delete_Records,mt_STUDENT_NON_COURSE_soft_delete,exYZ4gz07QhbeqPBugIOO3,Explore/ERP Hub/SoftDelete,Complex,STUDENT_NON_COURSE,7GJWeSZ3GgRjnalVEKpdg4,STUDENT_NON_COURSE: STUDENT_NON_COURSE.IS_DELETED IS NULL,1,"STUDENT_NON_COURSE(Update), STUDENT_NON_COURSE(Update)","7GJWeSZ3GgRjnalVEKpdg4, j7wVfWT172slzuVgNfk3ga",,2,STUDENT_NON_COURSES(Cached),5P29vuYLDHVfpnOFeoObk3,Cached,1,One-to-Many Distribution,Uniform Update,Sequential,6.0,Medium (100K - 1M records),Custom Error Handling,Commit Type: Target,"1 Lookup(s), 142 Related Task(s)",Yes,No,No,Enabled,Single Thread,Evaluate parallel processing; Review for decomposition; Optimize filter pushdown
Tf_Soft_Delete_Records,mt_STUDENT_PROGRAM_DATE_soft_delete,79ltKaRsayek0XC77FrjeM,Explore/ERP Hub/SoftDelete,Complex,STUDENT_PROGRAM_DATE,7GJWeSZ3GgRjnalVEKpdg4,STUDENT_PROGRAM_DATE: STUDENT_PROGRAM_DATE.IS_DELETED is null,1,"STUDENT_PROGRAM_DATE(Update), STUDENT_PROGRAM_DATE(Update)","7GJWeSZ3GgRjnalVEKpdg4, j7wVfWT172slzuVgNfk3ga",,2,STUDENT_PROGRAMS_STPR_DATES(Cached),5P29vuYLDHVfpnOFeoObk3,Cached,1,One-to-Many Distribution,Uniform Update,Sequential,6.0,Medium (100K - 1M records),Standard,Default,"1 Lookup(s), 142 Related Task(s)",Yes,No,No,Not Detected,Single Thread,Evaluate parallel processing; Review for decomposition; Optimize filter pushdown
Tf_Soft_Delete_Records,mt_STUDENT_PROGRAM_STATUS_soft_delete,1Ba1w0fnUSJdwq4nKWROQp,Explore/ERP Hub/SoftDelete,Complex,STUDENT_PROGRAM_STATUS,7GJWeSZ3GgRjnalVEKpdg4,STUDENT_PROGRAM_STATUS: STUDENT_PROGRAM_STATUS.IS_DELETED is null,1,"STUDENT_PROGRAM_STATUS(Update), STUDENT_PROGRAM_STATUS(Update)","7GJWeSZ3GgRjnalVEKpdg4, j7wVfWT172slzuVgNfk3ga",,2,STUDENT_PROGRAMS_STPR_STATUSES(Cached),5P29vuYLDHVfpnOFeoObk3,Cached,1,One-to-Many Distribution,Uniform Update,Sequential,6.0,Medium (100K - 1M records),Standard,Default,"1 Lookup(s), 142 Related Task(s)",Yes,No,No,Not Detected,Single Thread,Evaluate parallel processing; Review for decomposition; Optimize filter pushdown
Tf_Soft_Delete_Records,mt_STUDENT_PROGRAM_soft_delete,iui0y6d8Y2fg7KFAcDE0KK,Explore/ERP Hub/SoftDelete,Complex,STUDENT_PROGRAM,7GJWeSZ3GgRjnalVEKpdg4,STUDENT_PROGRAM: STUDENT_PROGRAM.IS_DELETED is null,1,"STUDENT_PROGRAM(Update), STUDENT_PROGRAM(Update)","7GJWeSZ3GgRjnalVEKpdg4, j7wVfWT172slzuVgNfk3ga",,2,STUDENT_PROGRAMS(Cached),5P29vuYLDHVfpnOFeoObk3,Cached,1,One-to-Many Distribution,Uniform Update,Sequential,6.0,Medium (100K - 1M records),Standard,Default,"1 Lookup(s), 142 Related Task(s)",Yes,No,No,Not Detected,Single Thread,Evaluate parallel processing; Review for decomposition; Optimize filter pushdown
Tf_Soft_Delete_Records,mt_STUDENT_REPEATED_ACADEMIC_CREDIT_soft_delete,az22BWaUfM9bBh1GNiULCb,Explore/ERP Hub/SoftDelete,Complex,STUDENT_REPEATED_ACADEMIC_CREDIT,7GJWeSZ3GgRjnalVEKpdg4,STUDENT_REPEATED_ACADEMIC_CREDIT: STUDENT_REPEATED_ACADEMIC_CREDIT.IS_DELETED IS NULL,1,"STUDENT_REPEATED_ACADEMIC_CREDIT(Update), STUDENT_REPEATED_ACADEMIC_CREDIT(Update)","7GJWeSZ3GgRjnalVEKpdg4, j7wVfWT172slzuVgNfk3ga",,2,STUDENT_ACAD_CRED_STC_REPEATED_ACAD_CRED(Cached),5P29vuYLDHVfpnOFeoObk3,Cached,1,One-to-Many Distribution,Uniform Update,Sequential,6.0,Medium (100K - 1M records),Custom Error Handling,Commit Type: Target,"1 Lookup(s), 142 Related Task(s)",Yes,No,No,Enabled,Single Thread,Evaluate parallel processing; Review for decomposition; Optimize filter pushdown
Tf_Soft_Delete_Records,mt_STUDENT_RESTRICTION_soft_delete,30eviFrxALZkFCWbX0LjwY,Explore/ERP Hub/SoftDelete,Complex,STUDENT_RESTRICTION,7GJWeSZ3GgRjnalVEKpdg4,STUDENT_RESTRICTION: STUDENT_RESTRICTION.IS_DELETED is null,1,"STUDENT_RESTRICTION(Update), STUDENT_RESTRICTION(Update)","7GJWeSZ3GgRjnalVEKpdg4, j7wVfWT172slzuVgNfk3ga",,2,STUDENT_RESTRICTIONS(Cached),5P29vuYLDHVfpnOFeoObk3,Cached,1,One-to-Many Distribution,Uniform Update,Sequential,6.0,Medium (100K - 1M records),Standard,Default,"1 Lookup(s), 142 Related Task(s)",Yes,No,No,Not Detected,Single Thread,Evaluate parallel processing; Review for decomposition; Optimize filter pushdown
Tf_Soft_Delete_Records,mt_STUDENT_STANDING_soft_delete,76Apa3buzD5lzmYzpWyGmQ,Explore/ERP Hub/SoftDelete,Complex,STUDENT_STANDING,7GJWeSZ3GgRjnalVEKpdg4,STUDENT_STANDING: STUDENT_STANDING.IS_DELETED IS NULL,1,"STUDENT_STANDING(Update), STUDENT_STANDING(Update)","7GJWeSZ3GgRjnalVEKpdg4, j7wVfWT172slzuVgNfk3ga",,2,STUDENT_STANDINGS(Cached),5P29vuYLDHVfpnOFeoObk3,Cached,1,One-to-Many Distribution,Uniform Update,Sequential,6.0,Medium (100K - 1M records),Standard,Default,"1 Lookup(s), 142 Related Task(s)",Yes,No,No,Enabled,Single Thread,Evaluate parallel processing; Review for decomposition; Optimize filter pushdown
Tf_Soft_Delete_Records,mt_STUDENT_TERM_soft_delete,39GL7ItE62qitWcY97plQ7,Explore/ERP Hub/SoftDelete,Complex,STUDENT_TERM,7GJWeSZ3GgRjnalVEKpdg4,None,1,"STUDENT_TERM(Update), STUDENT_TERM(Update)","7GJWeSZ3GgRjnalVEKpdg4, j7wVfWT172slzuVgNfk3ga",,2,STUDENT_TERMS(Cached),5P29vuYLDHVfpnOFeoObk3,Cached,1,One-to-Many Distribution,Uniform Update,Sequential,6.0,Medium (100K - 1M records),Standard,Default,"1 Lookup(s), 142 Related Task(s)",Yes,No,No,Not Detected,Single Thread,Evaluate parallel processing; Review for decomposition
Tf_Soft_Delete_Records,mt_STUDENT_TYPE_soft_delete,8PeZbHZPLWRiNPmgXmyyeH,Explore/ERP Hub/SoftDelete,Complex,STUDENT_TYPE,7GJWeSZ3GgRjnalVEKpdg4,STUDENT_TYPE: STUDENT_TYPE.IS_DELETED is null,1,"STUDENT_TYPE(Update), STUDENT_TYPE(Update)","7GJWeSZ3GgRjnalVEKpdg4, j7wVfWT172slzuVgNfk3ga",,2,STUDENT_TYPES(Cached),5P29vuYLDHVfpnOFeoObk3,Cached,1,One-to-Many Distribution,Uniform Update,Sequential,6.0,Medium (100K - 1M records),Standard,Default,"1 Lookup(s), 142 Related Task(s)",Yes,No,No,Not Detected,Single Thread,Evaluate parallel processing; Review for decomposition; Optimize filter pushdown
Tf_Soft_Delete_Records,mt_ST_TX_COURSE_WORK_soft_delete,2tPYKz6UowpkzLae7JmPal,Explore/ERP Hub/SoftDelete,Complex,dbo.dbo/ST_TX_COURSE_WORK,7GJWeSZ3GgRjnalVEKpdg4,dbo/ST_TX_COURSE_WORK: dbo.ST_TX_COURSE_WORK.IS_DELETED is null,1,"erp/ST_TX_COURSE_WORK(Update), dbo/ST_TX_COURSE_WORK(Update)","7GJWeSZ3GgRjnalVEKpdg4, j7wVfWT172slzuVgNfk3ga","dbo, erp",2,data/ST_TX_CRS_WORK(Cached),5P29vuYLDHVfpnOFeoObk3,Cached,1,One-to-Many Distribution,Uniform Update,Sequential,6.0,Medium (100K - 1M records),Custom Error Handling,Commit Type: Target,"1 Lookup(s), 142 Related Task(s)",Yes,No,No,Enabled,Single Thread,Evaluate parallel processing; Review for decomposition; Optimize filter pushdown
Tf_Soft_Delete_Records,mt_ST_TX_STUDENT_WORK_soft_delete,6uYeO50yN1HlNFvcJZqhC7,Explore/ERP Hub/SoftDelete,Complex,dbo.dbo/ST_TX_STUDENT_WORK,7GJWeSZ3GgRjnalVEKpdg4,"dbo/ST_TX_STUDENT_WORK: ""ST_TX_STUDENT_WORK"".""IS_DELETED"" is null",1,"erp/ST_TX_STUDENT_WORK(Upsert), dbo/ST_TX_STUDENT_WORK(Upsert)","7GJWeSZ3GgRjnalVEKpdg4, j7wVfWT172slzuVgNfk3ga","dbo, erp",2,data/ST_TX_STU_WORK(Cached),5P29vuYLDHVfpnOFeoObk3,Cached,1,One-to-Many Distribution,Uniform Upsert,Sequential,6.0,High (1M - 10M records),Standard,Default,"1 Lookup(s), 142 Related Task(s)",Yes,No,No,Enabled,Single Thread,Evaluate parallel processing; Review for decomposition; Optimize filter pushdown
Tf_Soft_Delete_Records,mt_TASP_HISTORY_soft_delete,5XcyzrEk0kqg1KUAo4xEGi,Explore/ERP Hub/SoftDelete,Complex,TASP_HISTORY,7GJWeSZ3GgRjnalVEKpdg4,TASP_HISTORY: TASP_HISTORY.IS_DELETED IS NULL,1,"TASP_HISTORY(Update), TASP_HISTORY(Update)","7GJWeSZ3GgRjnalVEKpdg4, j7wVfWT172slzuVgNfk3ga",,2,A70_TASP_HISTORY(Cached),5P29vuYLDHVfpnOFeoObk3,Cached,1,One-to-Many Distribution,Uniform Update,Sequential,6.0,Medium (100K - 1M records),Standard,Default,"1 Lookup(s), 142 Related Task(s)",Yes,No,No,Enabled,Single Thread,Evaluate parallel processing; Review for decomposition; Optimize filter pushdown
Tf_Soft_Delete_Records,mt_TA_ACYR_soft_delete,iveQ3PjVE6ajs0WTEdiEge,Explore/ERP Hub/SoftDelete,Moderate,TA_ACYR,7GJWeSZ3GgRjnalVEKpdg4,TA_ACYR: TA_ACYR.IS_DELETED is null,1,"TA_ACYR(Update), TA_ACYR(Update)","7GJWeSZ3GgRjnalVEKpdg4, j7wVfWT172slzuVgNfk3ga",,2,,,,0,One-to-Many Distribution,Uniform Update,Sequential,6.0,Medium (100K - 1M records),Custom Error Handling,Commit Interval: 100000,142 Related Task(s),Yes,No,No,Enabled,Single Thread,Evaluate parallel processing; Optimize filter pushdown
Tf_Soft_Delete_Records,mt_TERM_soft_delete,9rIdExz8jMZfWCYKn2LB4s,Explore/ERP Hub/SoftDelete,Complex,TERM,7GJWeSZ3GgRjnalVEKpdg4,TERM: TERM.IS_DELETED IS NULL,1,"TERM(Update), TERM(Update)","7GJWeSZ3GgRjnalVEKpdg4, j7wVfWT172slzuVgNfk3ga",,2,TERMS(Cached),5P29vuYLDHVfpnOFeoObk3,Cached,1,One-to-Many Distribution,Uniform Update,Sequential,6.0,Medium (100K - 1M records),Custom Error Handling,Commit Type: Target,"1 Lookup(s), 142 Related Task(s)",Yes,No,No,Enabled,Single Thread,Evaluate parallel processing; Review for decomposition; Optimize filter pushdown
Tf_Soft_Delete_Records,mt_TEXAS_STUDENT_soft_delete,7ZewOmWKYkFjv5Dl2OE76v,Explore/ERP Hub/SoftDelete,Complex,TEXAS_STUDENT,7GJWeSZ3GgRjnalVEKpdg4,TEXAS_STUDENT: TEXAS_STUDENT.IS_DELETED IS NULL,1,"TEXAS_STUDENT(Update), TEXAS_STUDENT(Update)","7GJWeSZ3GgRjnalVEKpdg4, j7wVfWT172slzuVgNfk3ga",,2,TXST_STUDENTS(Cached),5P29vuYLDHVfpnOFeoObk3,Cached,1,One-to-Many Distribution,Uniform Update,Sequential,6.0,Medium (100K - 1M records),Standard,Default,"1 Lookup(s), 142 Related Task(s)",Yes,No,No,Enabled,Single Thread,Evaluate parallel processing; Review for decomposition; Optimize filter pushdown
Tf_Soft_Delete_Records,mt_TX_ST_REPORT_PARAM_DEV_NCBO_soft_delete,2sIz9IElUCkiCqgRoKmJi2,Explore/ERP Hub/SoftDelete,Complex,TX_ST_REPORT_PARAM_DEV_NCBO,7GJWeSZ3GgRjnalVEKpdg4,TX_ST_REPORT_PARAM_DEV_NCBO: TX_ST_REPORT_PARAM_DEV_NCBO.IS_DELETED IS NULL,1,"TX_ST_REPORT_PARAM_DEV_NCBO(Update), TX_ST_REPORT_PARAM_DEV_NCBO(Update)","7GJWeSZ3GgRjnalVEKpdg4, j7wVfWT172slzuVgNfk3ga",,2,TX_ST_RPT_PARAMS_TSRP_DEV_NCBO(Cached),5P29vuYLDHVfpnOFeoObk3,Cached,1,One-to-Many Distribution,Uniform Update,Sequential,6.0,Medium (100K - 1M records),Standard,Default,"1 Lookup(s), 142 Related Task(s)",Yes,No,No,Enabled,Single Thread,Evaluate parallel processing; Review for decomposition; Optimize filter pushdown
Tf_Soft_Delete_Records,mt_TX_ST_REPORT_PARAM_SCH_LIMIT_DEG_TYPE_soft_delete,5GMqhYmzF4NjOH4cykXDGG,Explore/ERP Hub/SoftDelete,Complex,TX_ST_REPORT_PARAM_SCH_LIMIT_DEG_TYPE,7GJWeSZ3GgRjnalVEKpdg4,None,1,"TX_ST_REPORT_PARAM_SCH_LIMIT_DEG_TYPE(Update), TX_ST_REPORT_PARAM_SCH_LIMIT_DEG_TYPE(Update)","7GJWeSZ3GgRjnalVEKpdg4, j7wVfWT172slzuVgNfk3ga",,2,TX_ST_RPT_PARAMS_TSRP_SCH_LIMIT_DEG_TYPES(Cached),5P29vuYLDHVfpnOFeoObk3,Cached,1,One-to-Many Distribution,Uniform Update,Sequential,6.0,Medium (100K - 1M records),Custom Error Handling,Commit Type: Target,"1 Lookup(s), 142 Related Task(s)",Yes,No,No,Enabled,Single Thread,Evaluate parallel processing; Review for decomposition
Tf_Soft_Delete_Records,mt_TX_ST_REPORT_PARAM_TASP_CMPL_CRSS_soft_delete,3h518q06FSNlqdc4cK9H8q,Explore/ERP Hub/SoftDelete,Complex,TX_ST_REPORT_PARAM_TASP_CMPL_CRSS,7GJWeSZ3GgRjnalVEKpdg4,None,1,"TX_ST_REPORT_PARAM_TASP_CMPL_CRSS(Update), TX_ST_REPORT_PARAM_TASP_CMPL_CRSS(Update)","7GJWeSZ3GgRjnalVEKpdg4, j7wVfWT172slzuVgNfk3ga",,2,TX_ST_RPT_PARAMS_TSRP_TASP_CMPL_CRSS(Cached),5P29vuYLDHVfpnOFeoObk3,Cached,1,One-to-Many Distribution,Uniform Update,Sequential,6.0,Medium (100K - 1M records),Custom Error Handling,Commit Type: Target,"1 Lookup(s), 142 Related Task(s)",Yes,No,No,Enabled,Single Thread,Evaluate parallel processing; Review for decomposition
Tf_Soft_Delete_Records,mt_TX_ST_REPORT_PARAM_TASP_DEV_AREA_soft_delete,3YW9cmFYJbVc5s5G3QIxqn,Explore/ERP Hub/SoftDelete,Complex,TX_ST_REPORT_PARAM_TASP_DEV_AREA,7GJWeSZ3GgRjnalVEKpdg4,None,1,"TX_ST_REPORT_PARAM_TASP_DEV_AREA(Update), TX_ST_REPORT_PARAM_TASP_DEV_AREA(Update)","7GJWeSZ3GgRjnalVEKpdg4, j7wVfWT172slzuVgNfk3ga",,2,TX_ST_RPT_PARAMS_TSRP_TASP_WRITE_SUBJECTS(Cached),5P29vuYLDHVfpnOFeoObk3,Cached,1,One-to-Many Distribution,Uniform Update,Sequential,6.0,Medium (100K - 1M records),Custom Error Handling,Commit Type: Target,"1 Lookup(s), 142 Related Task(s)",Yes,No,No,Enabled,Single Thread,Evaluate parallel processing; Review for decomposition
Tf_Soft_Delete_Records,mt_TX_ST_REPORT_PARAM_TASP_DEV_COURSE_soft_delete,jNDfAsXr54wi87SKAavjMB,Explore/ERP Hub/SoftDelete,Complex,TX_ST_REPORT_PARAM_TASP_DEV_COURSE,7GJWeSZ3GgRjnalVEKpdg4,None,1,"TX_ST_REPORT_PARAM_TASP_DEV_COURSE(Update), TX_ST_REPORT_PARAM_TASP_DEV_COURSE(Update)","7GJWeSZ3GgRjnalVEKpdg4, j7wVfWT172slzuVgNfk3ga",,2,TX_ST_RPT_PARAMS_TSRP_TASP_DEV_CRSS(Cached),5P29vuYLDHVfpnOFeoObk3,Cached,1,One-to-Many Distribution,Uniform Update,Sequential,6.0,Medium (100K - 1M records),Custom Error Handling,Commit Type: Target,"1 Lookup(s), 142 Related Task(s)",Yes,No,No,Enabled,Single Thread,Evaluate parallel processing; Review for decomposition
Tf_Soft_Delete_Records,mt_TX_ST_REPORT_PARAM_soft_delete,2vqhm74acUgkf9yfncnKY2,Explore/ERP Hub/SoftDelete,Complex,TX_ST_REPORT_PARAM,7GJWeSZ3GgRjnalVEKpdg4,TX_ST_REPORT_PARAM: TX_ST_REPORT_PARAM.IS_DELETED IS NULL,1,"TX_ST_REPORT_PARAM(Update), TX_ST_REPORT_PARAM(Update)","7GJWeSZ3GgRjnalVEKpdg4, j7wVfWT172slzuVgNfk3ga",,2,TX_ST_RPT_PARAMS(Cached),5P29vuYLDHVfpnOFeoObk3,Cached,1,One-to-Many Distribution,Uniform Update,Sequential,6.0,Medium (100K - 1M records),Standard,Default,"1 Lookup(s), 142 Related Task(s)",Yes,No,No,Enabled,Single Thread,Evaluate parallel processing; Review for decomposition; Optimize filter pushdown
Tf_Soft_Delete_Records,mt_TX_ST_RPT_PARAM_TASP_DEV_COURSE_soft_delete,lzwuF832Ma8epOvgySE5y1,Explore/ERP Hub/SoftDelete,Complex,TX_ST_RPT_PARAM_TASP_DEV_COURSE,7GJWeSZ3GgRjnalVEKpdg4,None,1,"TX_ST_RPT_PARAM_TASP_DEV_COURSE(Update), TX_ST_RPT_PARAM_TASP_DEV_COURSE(Update)","7GJWeSZ3GgRjnalVEKpdg4, j7wVfWT172slzuVgNfk3ga",,2,TX_ST_RPT_PARAMS_TSRP_TASP_READ_SUBJECTS(Cached),5P29vuYLDHVfpnOFeoObk3,Cached,1,One-to-Many Distribution,Uniform Update,Sequential,6.0,Medium (100K - 1M records),Custom Error Handling,Commit Type: Target,"1 Lookup(s), 142 Related Task(s)",Yes,No,No,Enabled,Single Thread,Evaluate parallel processing; Review for decomposition
Tf_Soft_Delete_Records,mt_VALCODE_soft_delete,kUEtyw2d6iPfvqYeyH6Kky,Explore/ERP Hub/SoftDelete,Moderate,VALCODE,7GJWeSZ3GgRjnalVEKpdg4,VALCODE: VALCODE.IS_DELETED IS NULL,1,"VALCODE(Update), VALCODE(Update)","7GJWeSZ3GgRjnalVEKpdg4, j7wVfWT172slzuVgNfk3ga",,2,,,,0,One-to-Many Distribution,Uniform Update,Sequential,6.0,Medium (100K - 1M records),Standard,Default,142 Related Task(s),Yes,No,No,Enabled,Single Thread,Evaluate parallel processing; Optimize filter pushdown
Tf_Soft_Delete_Records,mt_WAIT_LIST_soft_delete,7V8P53GVekxceGwuBifS0b,Explore/ERP Hub/SoftDelete,Complex,WAIT_LIST,7GJWeSZ3GgRjnalVEKpdg4,WAIT_LIST: WAIT_LIST.IS_DELETED IS NULL,1,"WAIT_LIST(Update), WAIT_LIST(Update)","7GJWeSZ3GgRjnalVEKpdg4, j7wVfWT172slzuVgNfk3ga",,2,WAIT_LIST(Cached),5P29vuYLDHVfpnOFeoObk3,Cached,1,One-to-Many Distribution,Uniform Update,Sequential,6.0,Medium (100K - 1M records),Standard,Default,"1 Lookup(s), 142 Related Task(s)",Yes,No,No,Enabled,Single Thread,Evaluate parallel processing; Review for decomposition; Optimize filter pushdown
Tf_Soft_Delete_Records,mt_m_COURSE_SECTION_XLIST_soft_delete,1VyGjPqixZwgsEURAd2Am0,Explore/ERP Hub/SoftDelete,Complex,COURSE_SECTION_XLIST,7GJWeSZ3GgRjnalVEKpdg4,COURSE_SECTION_XLIST: COURSE_SECTION_XLIST.IS_DELETED is null,1,"COURSE_SECTION_XLIST(Update), COURSE_SECTION_XLIST(Update)","7GJWeSZ3GgRjnalVEKpdg4, j7wVfWT172slzuVgNfk3ga",,2,COURSE_SEC_XLISTS_CSXL_COURSE_SECTIONS(Cached),5P29vuYLDHVfpnOFeoObk3,Cached,1,One-to-Many Distribution,Uniform Update,Sequential,6.0,Medium (100K - 1M records),Standard,Default,"1 Lookup(s), 142 Related Task(s)",Yes,No,No,Not Detected,Single Thread,Evaluate parallel processing; Review for decomposition; Optimize filter pushdown
Tf_Soft_Delete_Records,mt_COURSE_SECTION_soft_delete,4MoHIxJIDAGfJHLyyyUz0C,Explore/ERP Hub/SoftDelete,Moderate,,,,0,"COURSE_SECTION(Update), COURSE_SECTION(Update)","7GJWeSZ3GgRjnalVEKpdg4, j7wVfWT172slzuVgNfk3ga",,2,COURSE_SECTIONS(Cached),5P29vuYLDHVfpnOFeoObk3,Cached,1,Custom Pattern,Uniform Update,Sequential,5.0,Medium (100K - 1M records),Custom Error Handling,Commit Type: Target,"1 Lookup(s), 142 Related Task(s)",Yes,No,No,Enabled,Single Thread,Evaluate parallel processing
Tf_Soft_Delete_Records,mt_STUDENT_ACADEMIC_LEVEL_soft_delete,dIYnRKirxCykYashFNZWI9,Explore/ERP Hub/SoftDelete,Moderate,,,,0,"STUDENT_ACADEMIC_LEVEL(Update), STUDENT_ACADEMIC_LEVEL(Update)","7GJWeSZ3GgRjnalVEKpdg4, j7wVfWT172slzuVgNfk3ga",,2,STUDENT_ACAD_LEVELS(Cached),5P29vuYLDHVfpnOFeoObk3,Cached,1,Custom Pattern,Uniform Update,Sequential,5.0,Medium (100K - 1M records),Custom Error Handling,Commit Interval: 1000; Commit Type: Target,"1 Lookup(s), 142 Related Task(s)",Yes,No,No,Enabled,Single Thread,Evaluate parallel processing
Tf_Soft_Delete_Records,mt_STUDENT_EQUIV_EVAL_soft_delete,5gjA8KHAFmrbUl0hfhrF2o,Explore/ERP Hub/SoftDelete,Moderate,,,,0,"STUDENT_EQUIV_EVAL(Update), STUDENT_EQUIV_EVAL(Update)","7GJWeSZ3GgRjnalVEKpdg4, j7wVfWT172slzuVgNfk3ga",,2,STUDENT_EQUIV_EVALS(Cached),5P29vuYLDHVfpnOFeoObk3,Cached,1,Custom Pattern,Uniform Update,Sequential,5.0,Medium (100K - 1M records),Custom Error Handling,Commit Type: Target,"1 Lookup(s), 142 Related Task(s)",Yes,No,No,Enabled,Single Thread,Evaluate parallel processing
Tf_Soft_Delete_Records,mt_STUDENT_TYPE_INFO_soft_delete,61ctBDhXa8Ue4ZgERxNlYY,Explore/ERP Hub/SoftDelete,Moderate,,,,0,"STUDENT_TYPE_INFO(Update), STUDENT_TYPE_INFO(Update)","7GJWeSZ3GgRjnalVEKpdg4, j7wVfWT172slzuVgNfk3ga",,2,STUDENTS_STU_TYPE_INFO(Cached),5P29vuYLDHVfpnOFeoObk3,Cached,1,Custom Pattern,Uniform Update,Sequential,5.0,Medium (100K - 1M records),Custom Error Handling,Commit Type: Target,"1 Lookup(s), 142 Related Task(s)",Yes,No,No,Enabled,Single Thread,Evaluate parallel processing
Tf_Soft_Delete_Records,mt_STUDENT_soft_delete,lwF8zzRGOenfj9GcXjooeP,Explore/ERP Hub/SoftDelete,Moderate,,,,0,"STUDENT(Update), STUDENT(Update)","7GJWeSZ3GgRjnalVEKpdg4, j7wVfWT172slzuVgNfk3ga",,2,STUDENTS(Cached),5P29vuYLDHVfpnOFeoObk3,Cached,1,Custom Pattern,Uniform Update,Sequential,5.0,Medium (100K - 1M records),Custom Error Handling,Commit Type: Target,"1 Lookup(s), 142 Related Task(s)",Yes,No,No,Enabled,Single Thread,Evaluate parallel processing
Tf_Soft_Delete_Records,mt_TEXAS_STUDENT_PERKINS_soft_delete,1Q20Htwp9c5i98p2BJ6eUM,Explore/ERP Hub/SoftDelete,Moderate,,,,0,"TEXAS_STUDENT_PERKINS(Update), TEXAS_STUDENT_PERKINS(Update)","7GJWeSZ3GgRjnalVEKpdg4, j7wVfWT172slzuVgNfk3ga",,2,TXST_PERKINS(Cached),5P29vuYLDHVfpnOFeoObk3,Cached,1,Custom Pattern,Uniform Update,Sequential,5.0,Medium (100K - 1M records),Custom Error Handling,Commit Type: Target,"1 Lookup(s), 142 Related Task(s)",Yes,No,No,Enabled,Single Thread,Evaluate parallel processing
tf_RECEPTION_STG_HUB,mt_RECEPTIONIST_CONTACT,38pk9a86uEmliaVYBrCBCQ,Explore/Third Party Data/Taskflows,Simple,,,,0,RECEPTIONIST_CONTACT(Upsert),9IvOPhcp6ezgaEdrAZb4Ol,,1,,,,0,Custom Pattern,Uniform Upsert,Sequential,3.5,Medium (100K - 1M records),Custom Error Handling,Commit Interval: 10000; Commit Type: Target,1 Related Task(s),No,No,No,Enabled,Single Thread,No specific recommendations
tf_RECEPTION_STG_HUB,mt_RECEPTION_LOCATION,58uBNwG0OB0bCTN3iklEIi,Explore/Third Party Data/Taskflows,Simple,,,,0,RECEPTION_LOCATION(Upsert),9IvOPhcp6ezgaEdrAZb4Ol,,1,,,,0,Custom Pattern,Uniform Upsert,Sequential,3.5,Medium (100K - 1M records),Standard,Default,1 Related Task(s),No,No,No,Enabled,Single Thread,No specific recommendations
tf_TimleyCare,mt_TIMELYCARE_LOAD_OUTBOUND,jl9UIBysC2Fchs08dDzmIR,Explore/OutBound_Data/TimleyCare,Moderate,dbo.dbo/TIMELYCARE,7GJWeSZ3GgRjnalVEKpdg4,None,1,"dbo/TIMELYCARE(Upsert), dbo/TIMELYCARE(Upsert), dbo/TIMELYCARE(Insert), $tgt_ff_TIMELYCARE(Insert)","3QrOdtYEXYAhHXRPr4CAU4, 7GJWeSZ3GgRjnalVEKpdg4",dbo,4,,,,0,One-to-Many Distribution,"Mixed Operations (Insert, Upsert)",Sequential,11.0,Very High (> 10M records),Standard,Default,2 Related Task(s),No,No,No,Enabled,Single Thread,Evaluate parallel processing
tf_TimleyCare,mt_TimleyCare_SFTP,heXH1xqvXA4k3LA5JTCOuP,Explore/OutBound_Data/TimleyCare,Simple,SFTP_PUT,3Lfa58VbR0LfUZWioIh9qY,None,1,Dummy_TimelyCare_SFTP.csv(Insert),0SZSz3Aw8nAlGZFaEEPSGe,,1,,,,0,Simple 1:1 Mapping,Uniform Insert,Sequential,4.5,Medium (100K - 1M records),Custom Error Handling,Commit Type: Target,2 Related Task(s),No,No,No,Enabled,Single Thread,No specific recommendations
tf_TimleyCare,mt_TIMELYCARE_OUTBOUND_GENERATE,0nVgoy0IVxJev8pu4AhNWQ,Explore/OutBound_Data/TimleyCare,Simple,,,,0,$Target(Insert),3QrOdtYEXYAhHXRPr4CAU4,,1,,,,0,Custom Pattern,Uniform Insert,Sequential,3.5,Low (< 100K records),Standard,Default,2 Related Task(s),No,No,No,Enabled,Single Thread,No specific recommendations
tf_TimleyCare_Delta,mt_TIMELYCARE_LOAD_OUTBOUND,jl9UIBysC2Fchs08dDzmIR,Explore/OutBound_Data/TimleyCare,Moderate,dbo.dbo/TIMELYCARE,7GJWeSZ3GgRjnalVEKpdg4,None,1,"dbo/TIMELYCARE(Upsert), dbo/TIMELYCARE(Upsert), dbo/TIMELYCARE(Insert), $tgt_ff_TIMELYCARE(Insert)","3QrOdtYEXYAhHXRPr4CAU4, 7GJWeSZ3GgRjnalVEKpdg4",dbo,4,,,,0,One-to-Many Distribution,"Mixed Operations (Insert, Upsert)",Sequential,11.0,Very High (> 10M records),Standard,Default,2 Related Task(s),No,No,No,Enabled,Single Thread,Evaluate parallel processing
tf_TimleyCare_Delta,mt_TimleyCare_SFTP,heXH1xqvXA4k3LA5JTCOuP,Explore/OutBound_Data/TimleyCare,Simple,SFTP_PUT,3Lfa58VbR0LfUZWioIh9qY,None,1,Dummy_TimelyCare_SFTP.csv(Insert),0SZSz3Aw8nAlGZFaEEPSGe,,1,,,,0,Simple 1:1 Mapping,Uniform Insert,Sequential,4.5,Medium (100K - 1M records),Custom Error Handling,Commit Type: Target,2 Related Task(s),No,No,No,Enabled,Single Thread,No specific recommendations
tf_TimleyCare_Delta,mt_TIMELYCARE_OUTBOUND_GENERATE,0nVgoy0IVxJev8pu4AhNWQ,Explore/OutBound_Data/TimleyCare,Simple,,,,0,$Target(Insert),3QrOdtYEXYAhHXRPr4CAU4,,1,,,,0,Custom Pattern,Uniform Insert,Sequential,3.5,Low (< 100K records),Standard,Default,2 Related Task(s),No,No,No,Enabled,Single Thread,No specific recommendations
