Type,Taskflow,Component_Name,Project_Path,Object_Type,MTT_Count,Connection_Count,Template_Count,Mapping_Reference,Operation_Types,Source_Count,Target_Count,Lookup_Count
TASKFLOW,Tf_Soft_Delete_Records,Tf_Soft_Delete_Records,Explore/ERP Hub/SoftDelete,TASKFLOW,143.0,8.0,143.0,,,,,
MTT,Tf_Soft_Delete_Records,mt_ACADEMIC_CREDENTIAL_soft_delete,Explore/ERP Hub/SoftDelete,MTT,,,,8u9ZGsI36MjgNSsJB0AMQt,Update,1.0,2.0,1.0
MTT,Tf_Soft_Delete_Records,mt_ACADEMIC_LEVEL_soft_delete,Explore/ERP Hub/SoftDelete,MTT,,,,gJEQLI0QL84kKiKm1oYpc8,Update,1.0,2.0,1.0
MTT,Tf_Soft_Delete_Records,mt_ACADEMIC_PROGRAM_REQUIREMENT_soft_delete,Explore/ERP Hub/SoftDelete,MTT,,,,6gD3lNBII92epIQl2umB46,Update,1.0,2.0,1.0
MTT,Tf_Soft_Delete_Records,mt_ACADEMIC_PROGRAM_soft_delete,Explore/ERP Hub/SoftDelete,MTT,,,,do0aUpYSPU6cBXruBVQc65,Update,1.0,2.0,1.0
MTT,Tf_Soft_Delete_Records,mt_ADDRESS_soft_delete,Explore/ERP Hub/SoftDelete,MTT,,,,7mEcGJAdsn8fbdMWMKsFSb,Update,1.0,2.0,1.0
MTT,Tf_Soft_Delete_Records,mt_ADMIT_STATUS_soft_delete,Explore/ERP Hub/SoftDelete,MTT,,,,04X3MkAoRgXiZrldZBkGqk,Update,1.0,2.0,1.0
MTT,Tf_Soft_Delete_Records,mt_APPLICANT_soft_delete,Explore/ERP Hub/SoftDelete,MTT,,,,dB86yRhrboZjpggqxqfqgh,Update,1.0,2.0,1.0
MTT,Tf_Soft_Delete_Records,mt_APPLICATION_soft_delete,Explore/ERP Hub/SoftDelete,MTT,,,,akrjuYNqWoTb8YNKJogG8x,Update,1.0,2.0,1.0
MTT,Tf_Soft_Delete_Records,mt_AWARD_PERIOD_soft_delete,Explore/ERP Hub/SoftDelete,MTT,,,,6xN575su8PhhntP6hSPoQJ,Update,1.0,2.0,1.0
MTT,Tf_Soft_Delete_Records,mt_AWARD_soft_delete,Explore/ERP Hub/SoftDelete,MTT,,,,4JesH6ZjyKJfU4PQgpA2az,Update,1.0,2.0,1.0
MTT,Tf_Soft_Delete_Records,mt_BUILDING_soft_delete,Explore/ERP Hub/SoftDelete,MTT,,,,2fKXOrfm0yce9vwzWg35UC,Update,1.0,2.0,1.0
MTT,Tf_Soft_Delete_Records,mt_CALENDAR_SCHEDULE_soft_delete,Explore/ERP Hub/SoftDelete,MTT,,,,leMz5yQGXuah6WwlgrDUwT,Update,1.0,2.0,1.0
MTT,Tf_Soft_Delete_Records,mt_CCDS_soft_delete,Explore/ERP Hub/SoftDelete,MTT,,,,6oJtFJp1WYLknUsZVOWJ26,Update,1.0,2.0,1.0
MTT,Tf_Soft_Delete_Records,mt_CORP_FOUND_soft_delete,Explore/ERP Hub/SoftDelete,MTT,,,,aq2YYr2s2owjYtW08dBxYU,Update,1.0,2.0,1.0
MTT,Tf_Soft_Delete_Records,mt_COUNTRY_soft_delete,Explore/ERP Hub/SoftDelete,MTT,,,,4kfcJCzf9VAgaptFpsCJkh,Update,1.0,2.0,1.0
MTT,Tf_Soft_Delete_Records,mt_COURSE_CONTACT_soft_delete,Explore/ERP Hub/SoftDelete,MTT,,,,0ebIueJWnwDju6LuTA8QqD,Update,1.0,2.0,1.0
MTT,Tf_Soft_Delete_Records,mt_COURSE_EQUATE_CODE_COURSE_soft_delete,Explore/ERP Hub/SoftDelete,MTT,,,,h22uUS3DJAKfF3cN8tIhey,Update,1.0,2.0,1.0
MTT,Tf_Soft_Delete_Records,mt_COURSE_EQUATE_CODE_soft_delete,Explore/ERP Hub/SoftDelete,MTT,,,,4wXAfPCUzkyfb482Tjt8ik,Update,1.0,2.0,1.0
MTT,Tf_Soft_Delete_Records,mt_COURSE_EQUIVALENCE_soft_delete,Explore/ERP Hub/SoftDelete,MTT,,,,aTmujPPQBHtgugdWDZYne8,Update,1.0,2.0,1.0
MTT,Tf_Soft_Delete_Records,mt_COURSE_SECTION_CONTACT_soft_delete,Explore/ERP Hub/SoftDelete,MTT,,,,0KCLoclhHmCeaIzgDgoRQ9,Update,1.0,2.0,1.0
MTT,Tf_Soft_Delete_Records,mt_COURSE_SECTION_COREQ_SECTION_soft_delete,Explore/ERP Hub/SoftDelete,MTT,,,,8h1CgWbbLOhjrEvyG9cKWN,Update,1.0,2.0,1.0
MTT,Tf_Soft_Delete_Records,mt_COURSE_SECTION_COURSE_TYPE_soft_delete,Explore/ERP Hub/SoftDelete,MTT,,,,6ZLepQH72EMdAaUlu0sPkT,Update,1.0,2.0,1.0
MTT,Tf_Soft_Delete_Records,mt_COURSE_SECTION_FACULTY_soft_delete,Explore/ERP Hub/SoftDelete,MTT,,,,09trpdGEcrobwEbSuTWA0L,Update,1.0,2.0,1.0
MTT,Tf_Soft_Delete_Records,mt_COURSE_SECTION_LOCAL_GOVT_CODE_soft_delete,Explore/ERP Hub/SoftDelete,MTT,,,,5Ed4aLYBSXNgZdoms4WIQ2,Update,1.0,2.0,1.0
MTT,Tf_Soft_Delete_Records,mt_COURSE_SECTION_MEETING_soft_delete,Explore/ERP Hub/SoftDelete,MTT,,,,jjbSIAiWiqBbzmiFyXN4yo,Update,1.0,2.0,1.0
MTT,Tf_Soft_Delete_Records,mt_COURSE_SECTION_soft_delete,Explore/ERP Hub/SoftDelete,MTT,,,,4MoHIxJIDAGfJHLyyyUz0C,Update,0.0,2.0,1.0
MTT,Tf_Soft_Delete_Records,mt_COURSE_soft_delete,Explore/ERP Hub/SoftDelete,MTT,,,,ayS28zhCFEVj70bM15hXmV,Update,1.0,2.0,1.0
MTT,Tf_Soft_Delete_Records,mt_COURSE_TITLE_INFO_soft_delete,Explore/ERP Hub/SoftDelete,MTT,,,,lgLohPNAfCpbZw90Ztvmit,Update,1.0,2.0,1.0
MTT,Tf_Soft_Delete_Records,mt_COURSE_TYPE_soft_delete,Explore/ERP Hub/SoftDelete,MTT,,,,5KIOY9eW1AZdKUKgTazZUl,Update,1.0,2.0,1.0
MTT,Tf_Soft_Delete_Records,mt_CREDIT_TYPE_soft_delete,Explore/ERP Hub/SoftDelete,MTT,,,,7RfZsqAVeoRiZApUIqm9A0,Update,1.0,2.0,1.0
MTT,Tf_Soft_Delete_Records,mt_CS_ACYR_soft_delete,Explore/ERP Hub/SoftDelete,MTT,,,,7lGcC14Qt2pdIUJR4cDv6Q,Update,1.0,2.0,0.0
MTT,Tf_Soft_Delete_Records,mt_DEAN_DEPARTMENT_DETAIL_soft_delete,Explore/ERP Hub/SoftDelete,MTT,,,,4oeGs22vp9OkEu3rziTjox,Update,1.0,2.0,1.0
MTT,Tf_Soft_Delete_Records,mt_DEGREE_soft_delete,Explore/ERP Hub/SoftDelete,MTT,,,,8LlISCuqhQddpGuaSYrEMU,Update,1.0,2.0,1.0
MTT,Tf_Soft_Delete_Records,mt_DEPARTMENT_CHAIR_soft_delete,Explore/ERP Hub/SoftDelete,MTT,,,,gRU10jSgtAzetVe7Rh2jcF,Update,1.0,2.0,1.0
MTT,Tf_Soft_Delete_Records,mt_DEPARTMENT_soft_delete,Explore/ERP Hub/SoftDelete,MTT,,,,3794mxxFeSjlKkDY36fgGQ,Update,1.0,2.0,1.0
MTT,Tf_Soft_Delete_Records,mt_DISABILITY_soft_delete,Explore/ERP Hub/SoftDelete,MTT,,,,2UER7odNIIblCkNiVyCFWu,Update,1.0,2.0,1.0
MTT,Tf_Soft_Delete_Records,mt_DIVISION_soft_delete,Explore/ERP Hub/SoftDelete,MTT,,,,lCZYfIkjpcOiDHY9MospMN,Update,1.0,2.0,1.0
MTT,Tf_Soft_Delete_Records,mt_DREGISTRATION_EXEMPT_REST_soft_delete,Explore/ERP Hub/SoftDelete,MTT,,,,4gwyzyoEI26cMMSuszT4YF,Upsert,1.0,2.0,1.0
MTT,Tf_Soft_Delete_Records,mt_DREGISTRATION_EXEMPT_soft_delete,Explore/ERP Hub/SoftDelete,MTT,,,,ecE2JBAvkmndWm5c3awnKX,Upsert,1.0,2.0,1.0
MTT,Tf_Soft_Delete_Records,mt_DREGISTRATION_EXEMPT_TOUCHNET_soft_delete,Explore/ERP Hub/SoftDelete,MTT,,,,l7n3LAhtGEuiPeA0vGRT0q,Upsert,1.0,2.0,1.0
MTT,Tf_Soft_Delete_Records,mt_DREGISTRATION_EXEMPT_VETERAN_soft_delete,Explore/ERP Hub/SoftDelete,MTT,,,,6yi6uDryXFPdvzrB14jfEP,Update,1.0,2.0,1.0
MTT,Tf_Soft_Delete_Records,mt_DREGISTRATION_STUDENT_soft_delete,Explore/ERP Hub/SoftDelete,MTT,,,,70yOqPFHsqAbNxwbE5QniV,Update,1.0,2.0,1.0
MTT,Tf_Soft_Delete_Records,mt_EDI_TRAN_COURSE_soft_delete,Explore/ERP Hub/SoftDelete,MTT,,,,7k4aHdoJ1itfNZ5NYEsly1,Update,1.0,2.0,1.0
MTT,Tf_Soft_Delete_Records,mt_EXTERNAL_TRANSCRIPTS_soft_delete,Explore/ERP Hub/SoftDelete,MTT,,,,0fJ7LgEwgiBetNNXr7yfIB,Update,1.0,2.0,1.0
MTT,Tf_Soft_Delete_Records,mt_FINANCIAL_AID_AWARD_HISTORY_soft_delete,Explore/ERP Hub/SoftDelete,MTT,,,,1YyB4V1QCvsdr7iuktyVeH,Update,1.0,2.0,1.0
MTT,Tf_Soft_Delete_Records,mt_FINANCIAL_AID_CATEGORY_AMOUNT_soft_delete,Explore/ERP Hub/SoftDelete,MTT,,,,8XkT2bbeDe0deiH6KoHbmN,Update,1.0,2.0,1.0
MTT,Tf_Soft_Delete_Records,mt_FINANCIAL_AID_COMMENT_CODE_soft_delete,Explore/ERP Hub/SoftDelete,MTT,,,,k8GHrDeWd2Scma5eI6YDcA,Update,1.0,2.0,1.0
MTT,Tf_Soft_Delete_Records,mt_FINANCIAL_AID_COMMENT_soft_delete,Explore/ERP Hub/SoftDelete,MTT,,,,3Ca0utJWGWee8FUzgPjAMw,Update,1.0,2.0,1.0
MTT,Tf_Soft_Delete_Records,mt_FINANCIAL_AID_DL_AWARD_CONDITION_soft_delete,Explore/ERP Hub/SoftDelete,MTT,,,,fUlwtCcXeshjGoKx9DAoSM,Update,1.0,2.0,1.0
MTT,Tf_Soft_Delete_Records,mt_FINANCIAL_AID_FISAP_EAAD_soft_delete,Explore/ERP Hub/SoftDelete,MTT,,,,cK8vqElLa82lxM6FJrzZEo,Update,1.0,2.0,1.0
MTT,Tf_Soft_Delete_Records,mt_FINANCIAL_AID_FISAP_PRDD_soft_delete,Explore/ERP Hub/SoftDelete,MTT,,,,hJo8V7DgCQ9exv9RpUVBqF,Update,1.0,2.0,1.0
MTT,Tf_Soft_Delete_Records,mt_FINANCIAL_AID_INTERVIEW_CODE_soft_delete,Explore/ERP Hub/SoftDelete,MTT,,,,6D28gWYzXcYinc5r45Ngm7,Update,1.0,2.0,1.0
MTT,Tf_Soft_Delete_Records,mt_FINANCIAL_AID_INTERVIEW_soft_delete,Explore/ERP Hub/SoftDelete,MTT,,,,kJTS59fmtiehVDTrQoIa2d,Update,1.0,2.0,1.0
MTT,Tf_Soft_Delete_Records,mt_FINANCIAL_AID_LOCATION_soft_delete,Explore/ERP Hub/SoftDelete,MTT,,,,5DCLxtGCjubedyZ41Hkau7,Update,1.0,2.0,1.0
MTT,Tf_Soft_Delete_Records,mt_FINANCIAL_AID_OFFICE_soft_delete,Explore/ERP Hub/SoftDelete,MTT,,,,2ZjKWwFxrwOhEliKE2Mfg0,Update,1.0,2.0,1.0
MTT,Tf_Soft_Delete_Records,mt_FINANCIAL_AID_OUTSIDE_AWARD_soft_delete,Explore/ERP Hub/SoftDelete,MTT,,,,2hslordLTupfLeZgBjdaQp,Update,1.0,2.0,1.0
MTT,Tf_Soft_Delete_Records,mt_FINANCIAL_AID_REQUIRED_CHILD_soft_delete,Explore/ERP Hub/SoftDelete,MTT,,,,jjciPfeSQmSk2VsX69sVow,Update,1.0,2.0,1.0
MTT,Tf_Soft_Delete_Records,mt_FINANCIAL_AID_REQUIRED_soft_delete,Explore/ERP Hub/SoftDelete,MTT,,,,168NUTfbKoolrLjMj9qd2x,Update,1.0,2.0,1.0
MTT,Tf_Soft_Delete_Records,mt_FINANCIAL_AID_SAP_RESULT_soft_delete,Explore/ERP Hub/SoftDelete,MTT,,,,5pW13KtzrAib2KfsPSx6g1,Update,1.0,2.0,1.0
MTT,Tf_Soft_Delete_Records,mt_FINANCIAL_AID_SAP_STATUS_INFO_soft_delete,Explore/ERP Hub/SoftDelete,MTT,,,,dF6oWdO1YuBhLiCvmraVC0,Update,1.0,2.0,1.0
MTT,Tf_Soft_Delete_Records,mt_FINANCIAL_AID_SCP_soft_delete,Explore/ERP Hub/SoftDelete,MTT,,,,66F7B6KwhkClmPxb85sFAr,Update,1.0,2.0,1.0
MTT,Tf_Soft_Delete_Records,mt_FINANCIAL_AID_soft_delete,Explore/ERP Hub/SoftDelete,MTT,,,,5jwFY1PgLmQiDpi7oRmFco,Update,1.0,2.0,1.0
MTT,Tf_Soft_Delete_Records,mt_FINANCIAL_AID_TRANSMITTAL_soft_delete,Explore/ERP Hub/SoftDelete,MTT,,,,8rXqI3fRFqjlFKYBk9vtCY,Update,1.0,2.0,1.0
MTT,Tf_Soft_Delete_Records,mt_FOREIGN_PERSON_soft_delete,Explore/ERP Hub/SoftDelete,MTT,,,,7rN4NkwCiPWc494LJkaMKP,Update,1.0,2.0,1.0
MTT,Tf_Soft_Delete_Records,mt_GRADE_soft_delete,Explore/ERP Hub/SoftDelete,MTT,,,,3dqHI0raIy5fAjmVO8WxC8,Update,1.0,2.0,1.0
MTT,Tf_Soft_Delete_Records,mt_GRADUATE_soft_delete,Explore/ERP Hub/SoftDelete,MTT,,,,gcJVXtHfUSegk5Fi0tjSkj,Update,1.0,2.0,1.0
MTT,Tf_Soft_Delete_Records,mt_HR_PERSON_INSTITUTIONAL_STATUS_soft_delete,Explore/ERP Hub/SoftDelete,MTT,,,,5eFIgOylWK6h4MPXqJdwuT,Update,1.0,2.0,1.0
MTT,Tf_Soft_Delete_Records,mt_HR_PERSON_soft_delete,Explore/ERP Hub/SoftDelete,MTT,,,,4mLd5PUpg8HbC4vDhsNRy9,Update,1.0,2.0,1.0
MTT,Tf_Soft_Delete_Records,mt_HS_STUDENT_soft_delete,Explore/ERP Hub/SoftDelete,MTT,,,,2AYQ8Rng46SklH06XKRZUq,Upsert,1.0,2.0,1.0
MTT,Tf_Soft_Delete_Records,mt_INSTITUTION_ATTENDED_ACAD_CREDENTIAL_soft_delete,Explore/ERP Hub/SoftDelete,MTT,,,,2dClxFDAHrbjfZ4JCsCFW9,Update,1.0,2.0,1.0
MTT,Tf_Soft_Delete_Records,mt_INSTITUTION_ATTENDED_DATE_soft_delete,Explore/ERP Hub/SoftDelete,MTT,,,,7GDKFAjlEmziTmFfPGRWqY,Update,1.0,2.0,1.0
MTT,Tf_Soft_Delete_Records,mt_INSTITUTION_ATTENDED_soft_delete,Explore/ERP Hub/SoftDelete,MTT,,,,e7Qpl9e96gLeU0HjCufPqL,Update,1.0,2.0,1.0
MTT,Tf_Soft_Delete_Records,mt_INSTITUTION_ATTENDED_YEAR_soft_delete,Explore/ERP Hub/SoftDelete,MTT,,,,7l0fRjeAp9tk0TVWr6wceV,Update,1.0,2.0,1.0
MTT,Tf_Soft_Delete_Records,mt_INSTITUTION_soft_delete,Explore/ERP Hub/SoftDelete,MTT,,,,5eDPAdCcLGHbpFRZ0eHVYj,Update,1.0,2.0,1.0
MTT,Tf_Soft_Delete_Records,mt_INSTRUCTIONAL_METHOD_soft_delete,Explore/ERP Hub/SoftDelete,MTT,,,,2rxBlP0Rt2bd7wbB8LItU2,Update,1.0,2.0,1.0
MTT,Tf_Soft_Delete_Records,mt_LOCATION_soft_delete,Explore/ERP Hub/SoftDelete,MTT,,,,hi7VuJZaiKTgFLuo3OJ06w,Update,1.0,2.0,1.0
MTT,Tf_Soft_Delete_Records,mt_MAJOR_soft_delete,Explore/ERP Hub/SoftDelete,MTT,,,,3CSU97oDpFQiK9OfJXAPsY,Update,1.0,2.0,1.0
MTT,Tf_Soft_Delete_Records,mt_m_COURSE_SECTION_XLIST_soft_delete,Explore/ERP Hub/SoftDelete,MTT,,,,1VyGjPqixZwgsEURAd2Am0,Update,1.0,2.0,1.0
MTT,Tf_Soft_Delete_Records,mt_NON_COURSES_soft_delete,Explore/ERP Hub/SoftDelete,MTT,,,,4qgLJ3fWIhCeRylqgbGxiF,Update,1.0,2.0,1.0
MTT,Tf_Soft_Delete_Records,mt_OTHER_DEGREE_soft_delete,Explore/ERP Hub/SoftDelete,MTT,,,,6xORKJWX4xWkX4ljqcBLIS,Update,1.0,2.0,1.0
MTT,Tf_Soft_Delete_Records,mt_PERSON_ALT_soft_delete,Explore/ERP Hub/SoftDelete,MTT,,,,6SPpoJTXMOMgk8LN2nSdWv,Update,1.0,2.0,1.0
MTT,Tf_Soft_Delete_Records,mt_PERSON_DISABILITIES_soft_delete,Explore/ERP Hub/SoftDelete,MTT,,,,aby6tGv9K08b2FoEYefJgk,Update,1.0,2.0,1.0
MTT,Tf_Soft_Delete_Records,mt_PERSON_HISTORY_LOG_soft_delete,Explore/ERP Hub/SoftDelete,MTT,,,,cM7j8Y4sooSjCZOjKMeVIK,Update,1.0,2.0,1.0
MTT,Tf_Soft_Delete_Records,mt_PERSON_HISTORY_soft_delete,Explore/ERP Hub/SoftDelete,MTT,,,,2LdOnyYEz7ncQyxXapfBop,Update,1.0,2.0,1.0
MTT,Tf_Soft_Delete_Records,mt_PERSON_INSTITUTION_ATTENDED_soft_delete,Explore/ERP Hub/SoftDelete,MTT,,,,5QDIxN4pPArkII4V81plQj,Update,1.0,2.0,1.0
MTT,Tf_Soft_Delete_Records,mt_PERSON_NAMEHIST_soft_delete,Explore/ERP Hub/SoftDelete,MTT,,,,heTJ78OPbOBg7vYfDfC8oO,Update,1.0,2.0,1.0
MTT,Tf_Soft_Delete_Records,mt_PERSON_PARENTING_ANSWERS_soft_delete,Explore/ERP Hub/SoftDelete,MTT,,,,1RUupplLA73gR0vlImAYIq,Update,1.0,2.0,1.0
MTT,Tf_Soft_Delete_Records,mt_PERSON_PARENTING_QUESTIONS_soft_delete,Explore/ERP Hub/SoftDelete,MTT,,,,iyJXpZpA52uiGXYCC5GKgk,Update,1.0,2.0,1.0
MTT,Tf_Soft_Delete_Records,mt_PERSON_PEOPLE_EMAIL_soft_delete,Explore/ERP Hub/SoftDelete,MTT,,,,7mJgQHbs4mUkmeK4Ia9Biw,Update,1.0,2.0,1.0
MTT,Tf_Soft_Delete_Records,mt_PERSON_PERPHONE_soft_delete,Explore/ERP Hub/SoftDelete,MTT,,,,0xTAjFn5dJfk1ZcUtfyVcG,Update,1.0,2.0,1.0
MTT,Tf_Soft_Delete_Records,mt_PERSON_POSITION_soft_delete,Explore/ERP Hub/SoftDelete,MTT,,,,9iTl62atSWGiItqcOHshyb,Update,1.0,2.0,1.0
MTT,Tf_Soft_Delete_Records,mt_PERSON_POSITION_WAGE_ITEM_soft_delete,Explore/ERP Hub/SoftDelete,MTT,,,,0Vism6I2wPtiKTgmtQykk6,Update,1.0,2.0,1.0
MTT,Tf_Soft_Delete_Records,mt_PERSON_POSITION_WAGE_soft_delete,Explore/ERP Hub/SoftDelete,MTT,,,,4fMdateYHM3jXsSPb6ipsB,Delete,1.0,2.0,1.0
MTT,Tf_Soft_Delete_Records,mt_PERSON_PSEASON_soft_delete,Explore/ERP Hub/SoftDelete,MTT,,,,02xgQ0xeh6AeqborEYXWo6,Update,1.0,2.0,1.0
MTT,Tf_Soft_Delete_Records,mt_PERSON_RACE_soft_delete,Explore/ERP Hub/SoftDelete,MTT,,,,3bTOEEBbroPeUQ1wABjwAa,Update,1.0,2.0,1.0
MTT,Tf_Soft_Delete_Records,mt_PERSON_soft_delete,Explore/ERP Hub/SoftDelete,MTT,,,,eXJ6hxyQKw7c3ZWl9GJdyB,Update,1.0,2.0,1.0
MTT,Tf_Soft_Delete_Records,mt_PERSON_SPONSORSHIP_soft_delete,Explore/ERP Hub/SoftDelete,MTT,,,,eysxeD2zeYKci9zDfD1cgC,Upsert,1.0,2.0,1.0
MTT,Tf_Soft_Delete_Records,mt_PERSON_ST_EDUCATION_GOAL_soft_delete,Explore/ERP Hub/SoftDelete,MTT,,,,56q5r2dSf2AiVfIhr1qAIj,Update,1.0,2.0,1.0
MTT,Tf_Soft_Delete_Records,mt_PERSON_VETERAN_ASSOCIATION_soft_delete,Explore/ERP Hub/SoftDelete,MTT,,,,4xwbKOvwj43deW0qL5UGgI,Update,1.0,2.0,1.0
MTT,Tf_Soft_Delete_Records,mt_POSITION_soft_delete,Explore/ERP Hub/SoftDelete,MTT,,,,hgHCa79d7epl5xr7uiADgI,Update,1.0,2.0,1.0
MTT,Tf_Soft_Delete_Records,mt_REG_BILLING_RATE_soft_delete,Explore/ERP Hub/SoftDelete,MTT,,,,8JdXrBf9fmcfXbTQEbgEUq,Update,1.0,2.0,1.0
MTT,Tf_Soft_Delete_Records,mt_SAP_APPEAL_soft_delete,Explore/ERP Hub/SoftDelete,MTT,,,,03GS0WjiiM6hndJuXuPc4z,Update,1.0,2.0,1.0
MTT,Tf_Soft_Delete_Records,mt_SAP_RESULT_soft_delete,Explore/ERP Hub/SoftDelete,MTT,,,,8GxJMw4nmuZhzRK92uFC4L,Update,1.0,2.0,1.0
MTT,Tf_Soft_Delete_Records,mt_SA_ACYR_AWARD_LIST_soft_delete,Explore/ERP Hub/SoftDelete,MTT,,,,igTR4pW24IweaHNl0DwZmI,Update,1.0,2.0,0.0
MTT,Tf_Soft_Delete_Records,mt_SA_ACYR_soft_delete,Explore/ERP Hub/SoftDelete,MTT,,,,1kWbGz8UUuQgVbrmsG96uk,Update,1.0,2.0,0.0
MTT,Tf_Soft_Delete_Records,mt_SCHOOL_DIVISION_soft_delete,Explore/ERP Hub/SoftDelete,MTT,,,,34etx0tuhGmjjLjzahIiMu,Update,1.0,2.0,1.0
MTT,Tf_Soft_Delete_Records,mt_SCHOOL_soft_delete,Explore/ERP Hub/SoftDelete,MTT,,,,80RLO9RL8YNjrltsdJbLI4,Update,1.0,2.0,1.0
MTT,Tf_Soft_Delete_Records,mt_SL_ACYR_soft_delete,Explore/ERP Hub/SoftDelete,MTT,,,,lNWk30nwKubiCHP9bOWGwX,Update,1.0,2.0,0.0
MTT,Tf_Soft_Delete_Records,mt_SPONSORED_PERSON_TERM_soft_delete,Explore/ERP Hub/SoftDelete,MTT,,,,2uFGiUkAkI5kIqKpAqGDWw,Update,1.0,2.0,1.0
MTT,Tf_Soft_Delete_Records,mt_STUDENT_ACADEMIC_CREDIT_soft_delete,Explore/ERP Hub/SoftDelete,MTT,,,,ddhIYSZ2gGyiIDfIPFYiSK,Update,1.0,2.0,1.0
MTT,Tf_Soft_Delete_Records,mt_STUDENT_ACADEMIC_CREDIT_STATUS_soft_delete,Explore/ERP Hub/SoftDelete,MTT,,,,agKdikbHbQWc1i0CW0HS8k,Update,1.0,2.0,1.0
MTT,Tf_Soft_Delete_Records,mt_STUDENT_ACADEMIC_LEVEL_soft_delete,Explore/ERP Hub/SoftDelete,MTT,,,,dIYnRKirxCykYashFNZWI9,Update,0.0,2.0,1.0
MTT,Tf_Soft_Delete_Records,mt_STUDENT_ADVISEMENT_soft_delete,Explore/ERP Hub/SoftDelete,MTT,,,,aiWo4m93h8HjUkYGhE4VkD,Update,1.0,2.0,1.0
MTT,Tf_Soft_Delete_Records,mt_STUDENT_COURSE_SECTION_soft_delete,Explore/ERP Hub/SoftDelete,MTT,,,,aG42C9ezqYYlM1g4UAMIID,Update,1.0,2.0,1.0
MTT,Tf_Soft_Delete_Records,mt_STUDENT_EQUIV_EVAL_soft_delete,Explore/ERP Hub/SoftDelete,MTT,,,,5gjA8KHAFmrbUl0hfhrF2o,Update,0.0,2.0,1.0
MTT,Tf_Soft_Delete_Records,mt_STUDENT_MILITARY_VETERAN_soft_delete,Explore/ERP Hub/SoftDelete,MTT,,,,1TxJbI3F5Hdf4M1TU0zRA7,Update,1.0,2.0,1.0
MTT,Tf_Soft_Delete_Records,mt_STUDENT_NON_COURSE_soft_delete,Explore/ERP Hub/SoftDelete,MTT,,,,exYZ4gz07QhbeqPBugIOO3,Update,1.0,2.0,1.0
MTT,Tf_Soft_Delete_Records,mt_STUDENT_PROGRAM_DATE_soft_delete,Explore/ERP Hub/SoftDelete,MTT,,,,79ltKaRsayek0XC77FrjeM,Update,1.0,2.0,1.0
MTT,Tf_Soft_Delete_Records,mt_STUDENT_PROGRAM_soft_delete,Explore/ERP Hub/SoftDelete,MTT,,,,iui0y6d8Y2fg7KFAcDE0KK,Update,1.0,2.0,1.0
MTT,Tf_Soft_Delete_Records,mt_STUDENT_PROGRAM_STATUS_soft_delete,Explore/ERP Hub/SoftDelete,MTT,,,,1Ba1w0fnUSJdwq4nKWROQp,Update,1.0,2.0,1.0
MTT,Tf_Soft_Delete_Records,mt_STUDENT_REPEATED_ACADEMIC_CREDIT_soft_delete,Explore/ERP Hub/SoftDelete,MTT,,,,az22BWaUfM9bBh1GNiULCb,Update,1.0,2.0,1.0
MTT,Tf_Soft_Delete_Records,mt_STUDENT_RESTRICTION_soft_delete,Explore/ERP Hub/SoftDelete,MTT,,,,30eviFrxALZkFCWbX0LjwY,Update,1.0,2.0,1.0
MTT,Tf_Soft_Delete_Records,mt_STUDENT_soft_delete,Explore/ERP Hub/SoftDelete,MTT,,,,lwF8zzRGOenfj9GcXjooeP,Update,0.0,2.0,1.0
MTT,Tf_Soft_Delete_Records,mt_STUDENT_STANDING_soft_delete,Explore/ERP Hub/SoftDelete,MTT,,,,76Apa3buzD5lzmYzpWyGmQ,Update,1.0,2.0,1.0
MTT,Tf_Soft_Delete_Records,mt_STUDENT_TERM_soft_delete,Explore/ERP Hub/SoftDelete,MTT,,,,39GL7ItE62qitWcY97plQ7,Update,1.0,2.0,1.0
MTT,Tf_Soft_Delete_Records,mt_STUDENT_TYPE_INFO_soft_delete,Explore/ERP Hub/SoftDelete,MTT,,,,61ctBDhXa8Ue4ZgERxNlYY,Update,0.0,2.0,1.0
MTT,Tf_Soft_Delete_Records,mt_STUDENT_TYPE_soft_delete,Explore/ERP Hub/SoftDelete,MTT,,,,8PeZbHZPLWRiNPmgXmyyeH,Update,1.0,2.0,1.0
MTT,Tf_Soft_Delete_Records,mt_ST_TX_COURSE_WORK_soft_delete,Explore/ERP Hub/SoftDelete,MTT,,,,2tPYKz6UowpkzLae7JmPal,Update,1.0,2.0,1.0
MTT,Tf_Soft_Delete_Records,mt_ST_TX_STUDENT_WORK_soft_delete,Explore/ERP Hub/SoftDelete,MTT,,,,6uYeO50yN1HlNFvcJZqhC7,Upsert,1.0,2.0,1.0
MTT,Tf_Soft_Delete_Records,mt_TASP_HISTORY_soft_delete,Explore/ERP Hub/SoftDelete,MTT,,,,5XcyzrEk0kqg1KUAo4xEGi,Update,1.0,2.0,1.0
MTT,Tf_Soft_Delete_Records,mt_TA_ACYR_soft_delete,Explore/ERP Hub/SoftDelete,MTT,,,,iveQ3PjVE6ajs0WTEdiEge,Update,1.0,2.0,0.0
MTT,Tf_Soft_Delete_Records,mt_TERM_soft_delete,Explore/ERP Hub/SoftDelete,MTT,,,,9rIdExz8jMZfWCYKn2LB4s,Update,1.0,2.0,1.0
MTT,Tf_Soft_Delete_Records,mt_TEXAS_STUDENT_PERKINS_soft_delete,Explore/ERP Hub/SoftDelete,MTT,,,,1Q20Htwp9c5i98p2BJ6eUM,Update,0.0,2.0,1.0
MTT,Tf_Soft_Delete_Records,mt_TEXAS_STUDENT_soft_delete,Explore/ERP Hub/SoftDelete,MTT,,,,7ZewOmWKYkFjv5Dl2OE76v,Update,1.0,2.0,1.0
MTT,Tf_Soft_Delete_Records,mt_TX_ST_REPORT_PARAM_DEV_NCBO_soft_delete,Explore/ERP Hub/SoftDelete,MTT,,,,2sIz9IElUCkiCqgRoKmJi2,Update,1.0,2.0,1.0
MTT,Tf_Soft_Delete_Records,mt_TX_ST_REPORT_PARAM_SCH_LIMIT_DEG_TYPE_soft_delete,Explore/ERP Hub/SoftDelete,MTT,,,,5GMqhYmzF4NjOH4cykXDGG,Update,1.0,2.0,1.0
MTT,Tf_Soft_Delete_Records,mt_TX_ST_REPORT_PARAM_soft_delete,Explore/ERP Hub/SoftDelete,MTT,,,,2vqhm74acUgkf9yfncnKY2,Update,1.0,2.0,1.0
MTT,Tf_Soft_Delete_Records,mt_TX_ST_REPORT_PARAM_TASP_CMPL_CRSS_soft_delete,Explore/ERP Hub/SoftDelete,MTT,,,,3h518q06FSNlqdc4cK9H8q,Update,1.0,2.0,1.0
MTT,Tf_Soft_Delete_Records,mt_TX_ST_REPORT_PARAM_TASP_DEV_AREA_soft_delete,Explore/ERP Hub/SoftDelete,MTT,,,,3YW9cmFYJbVc5s5G3QIxqn,Update,1.0,2.0,1.0
MTT,Tf_Soft_Delete_Records,mt_TX_ST_REPORT_PARAM_TASP_DEV_COURSE_soft_delete,Explore/ERP Hub/SoftDelete,MTT,,,,jNDfAsXr54wi87SKAavjMB,Update,1.0,2.0,1.0
MTT,Tf_Soft_Delete_Records,mt_TX_ST_RPT_PARAM_TASP_DEV_COURSE_soft_delete,Explore/ERP Hub/SoftDelete,MTT,,,,lzwuF832Ma8epOvgySE5y1,Update,1.0,2.0,1.0
MTT,Tf_Soft_Delete_Records,mt_VALCODE_soft_delete,Explore/ERP Hub/SoftDelete,MTT,,,,kUEtyw2d6iPfvqYeyH6Kky,Update,1.0,2.0,0.0
MTT,Tf_Soft_Delete_Records,mt_WAIT_LIST_soft_delete,Explore/ERP Hub/SoftDelete,MTT,,,,7V8P53GVekxceGwuBifS0b,Update,1.0,2.0,1.0
TASKFLOW,tf_TimleyCare,tf_TimleyCare,Explore/OutBound_Data/TimleyCare,TASKFLOW,3.0,8.0,3.0,,,,,
MTT,tf_TimleyCare,mt_TIMELYCARE_LOAD_OUTBOUND,Explore/OutBound_Data/TimleyCare,MTT,,,,jl9UIBysC2Fchs08dDzmIR,"Insert, Upsert",1.0,4.0,0.0
MTT,tf_TimleyCare,mt_TIMELYCARE_OUTBOUND_GENERATE,Explore/OutBound_Data/TimleyCare,MTT,,,,0nVgoy0IVxJev8pu4AhNWQ,Insert,0.0,1.0,0.0
MTT,tf_TimleyCare,mt_TimleyCare_SFTP,Explore/OutBound_Data/TimleyCare,MTT,,,,heXH1xqvXA4k3LA5JTCOuP,Insert,1.0,1.0,0.0
TASKFLOW,tf_TimleyCare_Delta,tf_TimleyCare_Delta,Explore/OutBound_Data/TimleyCare,TASKFLOW,3.0,8.0,3.0,,,,,
MTT,tf_TimleyCare_Delta,mt_TIMELYCARE_LOAD_OUTBOUND,Explore/OutBound_Data/TimleyCare,MTT,,,,jl9UIBysC2Fchs08dDzmIR,"Insert, Upsert",1.0,4.0,0.0
MTT,tf_TimleyCare_Delta,mt_TIMELYCARE_OUTBOUND_GENERATE,Explore/OutBound_Data/TimleyCare,MTT,,,,0nVgoy0IVxJev8pu4AhNWQ,Insert,0.0,1.0,0.0
MTT,tf_TimleyCare_Delta,mt_TimleyCare_SFTP,Explore/OutBound_Data/TimleyCare,MTT,,,,heXH1xqvXA4k3LA5JTCOuP,Insert,1.0,1.0,0.0
TASKFLOW,tf_RECEPTION_STG_HUB,tf_RECEPTION_STG_HUB,Explore/Third Party Data/Taskflows,TASKFLOW,2.0,8.0,0.0,,,,,
MTT,tf_RECEPTION_STG_HUB,mt_RECEPTIONIST_CONTACT,Explore/Third Party Data/Taskflows,MTT,,,,38pk9a86uEmliaVYBrCBCQ,Upsert,0.0,1.0,0.0
MTT,tf_RECEPTION_STG_HUB,mt_RECEPTION_LOCATION,Explore/Third Party Data/Taskflows,MTT,,,,58uBNwG0OB0bCTN3iklEIi,Upsert,0.0,1.0,0.0
