Object_Name,Object_Type,Path,GUID,Description,Document_State,Execution_Order
m_Vector_SFTP,DTEMPLATE,/Explore/OutBound_Data/Vector,9apLvjaN9kAhYjeVtdSWG6,,VALID,
mt_Vector_files_preprocessing,MTT,/Explore/OutBound_Data/Vector,7FCfTPYLNWcl4SOzRGeSOc,,VALID,
m_Vector_student,DTEMPLATE,/Explore/OutBound_Data/Vector,1nSIzs2dFSJdfub7ap5o0N,,VALID,
tf_Vector_Daily,TASKFLOW,/Explore/OutBound_Data/Vector,2mO4T5qeKoMk1hhJ7wN8IO,,VALID,
mt_Vector_student,MTT,/Explore/OutBound_Data/Vector,8gA93crSdAmeoYmRFUeAEC,,VALID,
ff_Vector,Connection,/SYS,kv1Oc7IlHwLljjjRVTc02I,,COMPLETE,
Vector,Folder,/Explore/OutBound_Data,8bX9Yc7ZsQUh45uIMnz3kY,Replacement of GetInclusive,COMPLETE,
TEST_Grp,AgentGroup,/SYS,dpRJkTuLdsIkBPeI9L0TI5,,VALID,
SVC_ERP_Hub,Connection,/SYS,7GJWeSZ3GgRjnalVEKpdg4,,COMPLETE,
mt_Vector_SFTP,MTT,/Explore/OutBound_Data/Vector,4tVUTKhgUoNlFThzzmOAYh,,VALID,
OutBound_Data,Project,/Explore,7WaveFd5w06eTL8NEu2Dgm,"Data to outside ACC Like, Barnes and Noble and T2 Parking",COMPLETE,
m_Vector_files_preprocessing,DTEMPLATE,/Explore/OutBound_Data/Vector,88vhl9pJHrkf2SomdYG7co,,VALID,
cn_File_Processor_Upload_Vector,Connection,/SYS,5UVYYHSrKyPc5huXfgKD26,,COMPLETE,
